title,link,summary,pub_date
아시아나 마일리지 어쩌나…항공사 합병 남은 과제는,http://www.yonhapnewstv.co.kr/MYH20241130009900641/?input=1825m," 대한항공이 아시아나항공 인수를 위한 마지막 관문을 넘으면서 양사 통합도 속도를 내고 있습니다. 하지만 마일리지 통합과 인력 재배치 등 완전한 통합까지 남은 숙제들이 많은데요. 박효정 기자가 짚어봤습니다. [기자] 올해 3분기까지 대한항공 고객들이 쌓은 마일리지는 2조 5,532억원, 아시아나항공... ",3주 전
"""EU, 대한항공-아시아나 합병 승인""…주가 향방은?(종합)",https://www.newsis.com/view/NISX20241129_0002978232, 대한항공과 아시아나항공 합병이 4년만에 사실상 마무리되며 29일 대한항공 주가가 강세를 보였다. 두 회사의 합병으로 4년간 미뤄진 항공시장 재편이... 반면 아시아나항공(-2.27%)과 아시아나의 LCC인 에어부산(-1.21%)은 하락 마감했다. 아시아나항공의 현 최대주주인 금호건설(0.17%)도 약보합으로 장을... ,3주 전
대한항공+아시아나 합병…LCC도 새판 짠다,http://www.edaily.co.kr/news/newspath.asp?newsid=02105766639090640," 대한항공(003490)이 4년여에 걸친 아시아나항공(020560) 인수 작업을 매듭지으면서 저비용항공사(LCC) 업계에도 전운이 감돌고 있다. 대한항공과 아시아나항공 계열 LCC 3사가 업계 1위로 올라서면서 LCC 업계의 지각변동이 불가피할 것으로 보인다. 진에어(오른쪽), 에어부산 EU 집행위원회(EC)는 28일(현지시간)... ",3주 전
"아시아나 마일리지 1조…대한항공 전환, 언제?",https://www.ichannela.com/news/main/news_detailPage.do?publishId=000000447786," 대한항공과 아시아나 항공 합병, 4년 만에 마무리 됐습니다. 이제 최대 관심사는 1조 원에 달하는 아시아나 항공 마일리지를 어떻게 할 거냐죠. 권갑구 기자입니다. [기자] 이렇게 아시아나항공 마일리지를 갖고 계신 분들 많으실 텐데요. 주요 사용처인 이곳 마일리지샵에는 대부분의 제품이 매진으로 뜹니다.... ",3주 전
"EC, 대한항공·아시아나 합병 최종 승인...연내 가시화",https://www.ytn.co.kr/_ln/0102_202411290027062486," 대한항공·아시아나항공 합병이 최종 관문을 넘어섰습니다. 유럽연합 집행위원회의 최종 승인이 이뤄진 건데 사실상 합병 절차가 마무리되면서 두 항공사 합병으로 인한 기대와 우려가 공존하고 있습니다. 최두희 기자입니다. [기자] 유럽연합 집행위원회, EC가 대한항공과 아시아나항공 합병을 최종... ",3주 전
"유럽, 대한항공·아시아나 합병 승인",https://www.hankyung.com/article/2024112820941," 대한항공이 아시아나항공 인수를 위한 마지막 관문을 넘었다. 통합이 완료되면 대한항공은 국제선 여객 운송 거리(2019년 기준 1247억㎞) 기준으로 세계... EC는 지난 2월 대한항공에 합병 승인 조건으로 유럽 4개 중복 노선에 신규 항공사 배정, 아시아나항공 화물사업 부문 매각 등을 내걸었다. 대한항공은... ",A1면 1단
"대한항공-아시아나 합병, EU 경쟁당국 최종 승인…美 승인만 남아",https://www.chosun.com/economy/industry-company/2024/11/28/ONDLPKGSIBEBRDDNEKQSDIVD2U/?utm_source=naver&utm_medium=referral&utm_campaign=naver-news, 대한항공이 아시아나항공과 인수·합병 절차인 기업결합에서 최대 분수령으로 꼽혔던 유럽연합(EU) 경쟁당국이 제시한 조건부 승인의 선행 조건을 모두 달성했다. 대한항공은 28일 “EU 경쟁당국(European Commission·EC)이 대한항공과 아시아나항공의 결합을 위한 선결 요건이 모두 충족돼 심사를 종결한다고... ,4주 전
"“사명부터 바꾼다” 소시어스PE, 아시아나 화물 통합 작업 시작",https://biz.chosun.com/stock/market_trend/2024/11/29/QC7G4I4PRJGMRIKI6BZR2OE53A/?utm_source=naver&utm_medium=original&utm_campaign=biz," 에어인천 앞세워 아시아나 화물 인수 추진 EU 경쟁당국, 에어인천 적격 인수자 승인 소시어스PE, 내년 7월 통합항공사 출범 목표 인수 대금 포함 6000억 자금 모집도 순항 이 기사는 2024년 11월 29일 08시 34분 조선비즈 머니무브(MM) 사이트에 표출됐습니다. 에어인천을 앞세워 아시아나항공 화물사업부 인수를... ",3주 전
"'공룡 항공사' 이륙 시동...대한항공·아시아나, 막판 변수는",https://news.tf.co.kr/read/economy/2156130.htm," 12월 20일 이전까지 아시아나항공에 대한 신주 인수…자회사 편입 마일리지 통합·LCC 합병이 과제…""구조조정 없을 것"" 유럽연합 집행위원회(EC)가 대한항공과 아시아나항공의 기업결합과 관련한 심사를 최종 승인하면서 4년간 끌어온 두 회사의 합병이 마무리 수순에 들어가게 됐다. 앞으로 대한항공은 미국... ",3주 전
대한항공-아시아나 합병 코앞…다음달 마무리,https://biz.sbs.co.kr/article_hub/20000204193?division=NAVER," 유럽연합 집행위원회가 대한항공과 아시아나항공 간 기업결합을 최종 승인했습니다. 사실상 마지막 관문까지 넘으면서, 4년에 걸친 양사 합병은 다음 달... 대한항공이 신규 진입하는 항공사가 유럽 노선을 안정적으로 운항할 수 있도록 돕고, 아시아나항공 화물 부문 매수자를 선정하는 것이었습니다. 이를... ",3주 전
"“대한항공, 아시아나 기업결합 승인…주가에 미칠 영향은?”",https://www.mk.co.kr/article/11181147, 하나증권은 29일 대한항공에 대해 아시아나 항공과 합병 후 구조적 성장이 기대된다며 목표주가를 기존 2만7000원에서 3만3000원으로 상향 조정했다. 28일(현지시간) 유럽연합(EU) 집행위원회는 대한항공과 아시아나항공의 기업결합을 승인했다. 이로써 주요국의 기업결합승인 절차가 모두 마무리돼... ,3주 전
"[속보] EC, 대한항공·아시아나 합병 최종 승인",https://www.ytn.co.kr/_ln/0102_202411281814278586," 대한항공과 아시아나항공 합병의 최종 관문으로 꼽혔던 유럽연합집행위원회, EC가 두 항공사의 기업결합을 최종 승인하면서 4년간 이어온 합병이 사실상 완료 단계를 맞았습니다. EC는 오늘 대한항공과 아시아나항공의 결합을 위한 선결 요건이 모두 충족돼 심사를 끝낸다고 발표했습니다. 앞서 EC는 지난 2월... ",4주 전
"EU, 대한항공-아시아나 기업결합 최종승인…내달 합병 마무리(종합2보)",https://www.yna.co.kr/view/AKR20241128173353003?input=1195m," 대한항공, 여객·화물부문 선결조건 충족…美 포함 14개국 심사 완료된 듯 내달 아시아나항공 신주 인수 후 합병절차 매듭 김보경 기자 정빛나 특파원 = 대한항공과 아시아나항공 간 기업결합의 사실상 마지막 관문인 유럽연합(EU) 집행위원회의 최종 승인이 28일(현지시간) 완료됐다. 이로써 2020년 11월 시작된 두... ",3주 전
대한항공-아시아나 합병하면 내 주식은 어떻게 되나요?,https://www.ytn.co.kr/_ln/0102_202411290733539034," 대한항공 아시아나항공 합병 작업이 사실상 마무리 단계라고 봐야 되는데요. 이쪽 주가는 어떻게 반응하고 있습니까? ◇ 이선엽 : 전체적으로 주가 반응은... 그런데 궁금한 게요, 아시아나항공도 그렇고 대한항공도 그렇고 둘 다 상장사잖아요. 그렇게 이 두 회사가 합병을 하게 되면 주식은 어떻게 되는 겁니까?... ",3주 전
"[2보] EU집행위, 대한항공-아시아나항공 기업결합 최종승인",https://www.yna.co.kr/view/AKR20241128173351003?input=1195m, 유럽연합(EU) 집행위원회는 28일(현지시간) 대한항공과 아시아나항공의 결합을 최종 승인했다. EU 집행위는 두 항공사의 기업결합을 위한 선결 요건이 모두 총족돼 심사를 종결한다고 발표했다. ,4주 전
"유럽연합, 대한항공-아시아나 합병 최종 승인",https://news.sbs.co.kr/news/endPage.do?news_id=N1007891724&plink=ORI&cooper=NAVER, ▲ 28일 인천 영종도 인천국제공항 활주로와 주기장에 대한항공-아시아나항공 여객기가 보이고 있다. 유럽연합 집행위원회(EC)가 대한항공과 아시아나항공의 기업결합을 최종 승인했습니다. EC는 대한항공과 아시아나항공의 결합을 위한 선결요건이 모두 '충족'돼 심사를 종결하기로 했다고 대한항공이... ,4주 전
"[SNS세상] ""하늘은 못 날고 마일리지만 날린다""…소비자 아우성",https://www.yna.co.kr/view/AKR20241127052700505?input=1195m, 특히 아시아나 마일리지 샵에서 뭐라도 구매하려면 '피켓팅'(피가 튈 정도로 치열한 예매 경쟁)을 해야 한다는 지적이 나온다. 물품이 올라오는 족족... 지난 9월 아시아나항공은 기존 마일리지 제휴사인 이마트·CGV·소노호텔앤리조트·에버랜드·캐리비안베이·모두투어·위클리딜즈 등 7곳과의 계약을... ,4주 전
대한항공-아시아나 합병 초읽기…에어부산 운명 어디로?,http://www.kookje.co.kr/news2011/asp/newsbody.asp?code=0200&key=20241129.99099009154, 대한항공과 아시아나항공의 기업결합 절차가 지난 28일 유럽연합 집행위원회의 최종 승인으로 사실상 마무리됨에 따라 산하에 있는 에어부산 운명에도 관심이 쏠린다. 대한항공 계열의 진에어가 아시아나 항공 계열 에어부산과 에어서울을 흡수해 메가 LCC로 몸집을 불리게 될 것으로 전망된다. 지역 상공계... ,3주 전
"유럽서 대한항공·아시아나 합병 승인한 날… 아시아나, 로마공항에 승...",https://www.seoul.co.kr/news/society/accident/2024/11/29/20241129500213?wlog_tag3=naver, 유럽에서 아시아나항공이 대한항공과의 합병 승인이 난 직후 로마 피우미치노 레오나르도 다 빈치 공항에서 승객들을 적절한 안내나 보상 없이 방치한 것으로 알려져 논란이 일고 있다. 28일(현지시간) 로마발 인천행 아시아나항공 편이 11시간 35분 지연되면서 수백 명의 승객들이 큰 불편을 겪었다. 인천발... ,3주 전
"'기업결합 최종승인' 대한항공·아시아나, 주가는 희비 갈려(종합)",https://www.yna.co.kr/view/AKR20241129043951008?input=1195m, 대한항공과 아시아나항공이 유럽연합(EU) 집행위원회의 최종 승인으로 기업결합의 마지막 관문을 넘었으나 29일 양사 주가는 엇갈린 흐름을 보였다.... 반면 아시아나항공은 2.27% 내린 1만740원으로 하락 마감했다. 아시아나항공은 개장과 함께 4.91%까지 상승 폭을 키우다 반락한 뒤 약세가 이어졌다. 전날 EU... ,3주 전
"아시아나 ""12월 김포∼제주 56편서 잔여석 마일리지로 구매가능""",https://www.yna.co.kr/view/AKR20241126044200003?input=1195m, 12월 2∼15일 운항편 대상…오는 27일 오전 9시부터 예매 아시아나항공은 오는 27일 오전 9시부터 '제주 해피 마일리지 위크' 프로모션을 통해 12월 2... 아시아나항공은 이들 좌석 공급을 통해 아시아나클럽 회원의 마일리지 소진 기회를 최대한 제공한다는 방침이다. 아시아나항공은 마일리지로 각종... ,2024.11.26.
대한항공ㆍ아시아나항공 합병 임박,https://www.yna.co.kr/view/PYH20241128174900013?input=1196m, 대한항공과 아시아나항공의 기업결합 마지막 관문인 유럽연합 집행위원회(EC)의 최종 승인이 임박한 가운데 28일 인천 영종도 인천국제공항 활주로와 주기장에 대한항공-아시아나항공 여객기가 보이고 있다. 2024.11.28 ,4주 전
대한항공ㆍ아시아나항공 합병 초읽기,https://www.yna.co.kr/view/PYH20241128175500013?input=1196m, 대한항공과 아시아나항공의 기업결합 마지막 관문인 유럽연합 집행위원회(EC)의 최종 승인이 임박한 가운데 28일 인천 영종도 인천국제공항 활주로와 주기장에 대한항공-아시아나항공 여객기가 보이고 있다. 2024.11.28 ,4주 전
대한항공ㆍ아시아나항공 합병 초읽기,https://www.yna.co.kr/view/PYH20241128175700013?input=1196m, 대한항공과 아시아나항공의 기업결합 마지막 관문인 유럽연합 집행위원회(EC)의 최종 승인이 임박한 가운데 28일 인천 영종도 인천국제공항 활주로와 주기장에 대한항공-아시아나항공 여객기가 보이고 있다. 2024.11.28 ,4주 전
대한항공ㆍ아시아나항공 합병 임박,https://www.yna.co.kr/view/PYH20241128175000013?input=1196m, 대한항공과 아시아나항공의 기업결합 마지막 관문인 유럽연합 집행위원회(EC)의 최종 승인이 임박한 가운데 28일 인천 영종도 인천국제공항 활주로와 주기장에 대한항공-아시아나항공 여객기가 보이고 있다. 2024.11.28 ,4주 전
대한항공ㆍ아시아나항공 합병 초읽기,https://www.yna.co.kr/view/PYH20241128174800013?input=1196m, 대한항공과 아시아나항공의 기업결합 마지막 관문인 유럽연합 집행위원회(EC)의 최종 승인이 임박한 가운데 28일 인천 영종도 인천국제공항 활주로와 주기장에 대한항공-아시아나항공 여객기가 보이고 있다. 2024.11.28 ,4주 전
대한항공ㆍ아시아나항공 합병 임박,https://www.yna.co.kr/view/PYH20241128175100013?input=1196m, 대한항공과 아시아나항공의 기업결합 마지막 관문인 유럽연합 집행위원회(EC)의 최종 승인이 임박한 가운데 28일 인천 영종도 인천국제공항 활주로와 주기장에 대한항공-아시아나항공 여객기가 보이고 있다. 2024.11.28 ,4주 전
대한항공ㆍ아시아나항공 합병 초읽기,https://www.yna.co.kr/view/PYH20241128175400013?input=1196m, 대한항공과 아시아나항공의 기업결합 마지막 관문인 유럽연합 집행위원회(EC)의 최종 승인이 임박한 가운데 28일 인천 영종도 인천국제공항 활주로와 주기장에 대한항공-아시아나항공 여객기가 보이고 있다. 2024.11.28 ,4주 전
대한항공ㆍ아시아나항공 합병 초읽기,https://www.yna.co.kr/view/PYH20241128174700013?input=1196m, 대한항공과 아시아나항공의 기업결합 마지막 관문인 유럽연합 집행위원회(EC)의 최종 승인이 임박한 가운데 28일 인천 영종도 인천국제공항 활주로와 주기장에 대한항공-아시아나항공 여객기가 보이고 있다. 2024.11.28 ,4주 전
대한항공ㆍ아시아나항공 합병 초읽기,https://www.yna.co.kr/view/PYH20241128174600013?input=1196m, 대한항공과 아시아나항공의 기업결합 마지막 관문인 유럽연합 집행위원회(EC)의 최종 승인이 임박한 가운데 28일 인천 영종도 인천국제공항 활주로와 주기장에 대한항공-아시아나항공 여객기가 보이고 있다. 2024.11.28 ,4주 전
"유럽연합, 대한항공-아시아나항공 기업결합 최종 승인",https://www.yna.co.kr/view/PYH20241128211800013?input=1196m, 28일 인천 영종도 인천국제공항 활주로와 주기장에 대한항공-아시아나항공 여객기가 보이고 있다. 유럽연합(EU) 집행위원회는 28일(현지시간) 대한항공과 아시아나항공의 결합을 최종 승인했다. 2024.11.28 ,4주 전
"EU 경쟁당국, 대한항공-아시아나 합병 승인…세계 10위권 메가 캐리어 뜬...",http://www.opinionnews.co.kr/news/articleView.html?idxno=108787, 유럽연합 경쟁당국은 28일(현지시각) 대한항공과 아시아나항공의 기업결합을 승인했다. 사진=연합뉴스 유럽연합(EU) 경쟁당국이 대한항공과 아시아나항공의 기업결합을 승인했다. 향후 2년 간 아시아나항공 브랜드는 유지되며 이후 통합 과정을 거쳐 '통합 대한항공'이 출범한다. '통합 대한항공'은 세계... ,3주 전
"대한항공 ""아시아나 합병 EU 경쟁당국 최종 승인""",https://biz.sbs.co.kr/article_hub/20000204165?division=NAVER, 대한항공이 아시아나항공과의 기업결합을 위해 EU 경쟁당국이 제시한 조건부 승인의 선행 조건을 모두 충족시켰다고 밝혔습니다. 대한항공은 EU 경쟁당국(European Commission·EC)이 현지시간 11월 28일 대한항공과 아시아나항공의 결합을 위한 선결 요건이 모두 충족돼 심사를 종결한다고 발표했습니다.... ,4주 전
대한항공-아시아나 합병하면 내 주식은 어떻게 되나요?,https://radio.ytn.co.kr/program/?f=2&id=99408&s_mcd=0206&s_hcd=15," 대한항공 아시아나항공 합병 작업이 사실상 마무리 단계라고 봐야 되는데요. 이쪽 주가는 어떻게 반응하고 있습니까? ◇ 이선엽 : 전체적으로 주가 반응은... 그런데 궁금한 게요, 아시아나항공도 그렇고 대한항공도 그렇고 둘 다 상장사잖아요. 그렇게 이 두 회사가 합병을 하게 되면 주식은 어떻게 되는 겁니까?... ",3주 전
아시아나 마일리지만 1兆…2년내 소진 유도할 듯,https://www.hankyung.com/article/2024112818941, 대한항공과 아시아나항공이 하나가 되면 아시아나항공 마일리지는 어떻게 처리될지도 관심사다. 마일리지를 적립해주는 신용카드 기준으로 대한항공 마일리지의 시장 가치가 아시아나항공보다 두 배 가까이 높아 아시아나항공 마일리지를 고스란히 대한항공 마일리지로 전환해주는 건 맞지 않다는 시각이... ,A4면 1단
"EU, 대한항공-아시아나 기업결합 승인…마지막 관문 통과(상보)",https://www.news1.kr/industry/general-industry/5613555, 대한항공(003490)은 28일 유럽연합 집행위원회(EC)가 대한항공과 아시아나항공(020560)의 기업결합을 위한 선결 요건이 모두 충족됐다고 판단해 심사를 종결했다고 밝혔다. 앞서 EC는 지난 2월 대한항공과 아시아나항공 기업결합에 대해 조건부 승인 결정을 내리며 유럽 4개 노선(이탈리아 로마·프랑스 파리... ,4주 전
"EU, 대한항공-아시아나항공 기업결합 최종 승인",https://www.kyeonggi.com/article/20241129580052," 유럽연합(EU) 경쟁당국이 대한항공과 아시아나항공 간 기업결합을 최종 승인했다. 29일 대한항공에 따르면 EU 경쟁당국(European Commission, EC)은 현지시간으로 지난 28일 대한항공과 아시아나항공의 결합을 위한 선결 요건이 모두 충족돼 심사를 종결한다고 발표했다. EC는 지난 2월 조건부 승인 결정을... ",3주 전
아시아나 '마일리지 항공' 56편 띄운다,https://www.sedaily.com/NewsView/2DGZUVAONC," 아시아나항공이 12월 제주행 항공편의 잔여석을 모두 마일리지로 판매한다고 26일 밝혔다. 마일리지 항공편은 27일 오전 9시부터 진행되는 ‘제주... 아시아나항공은 인기 항공편에 마일리지 잔여석을 집중 배치했다. 김포공항에서 오전 7시10분 출발하는 OZ8909편, 제주공항에서 오후 12시 55분에... ",14면 9단
"대한항공, 아시아나 기업결합 EU 승인…미국 찍고 '합병' 마무리 계획",https://sports.chosun.com/life/2024-11-29/202411290100195060031187," 대한항공과 아시아나항공 간 합병에 청신호가 켜졌다. 유럽연합(EU) 집행위원회의 대한항공-아시아나 기업결합 최종 승인이 지난 28일 완료됐다. EU 집행위는 ""에어인천이 대한항공과 아시아나항공에서 독립적이며 양사 및 다른 경쟁자들과 존립할 수 있고 적극적인 경쟁업체로서 매각 사업을 유지하고... ",3주 전
"EC, 대한항공·아시아나항공 합병 최종 승인... 마일리지는?",https://www.insight.co.kr/news/485461," EC, 대한항공-아시아나항공 기업 결합 승인대한항공과 아시아나항공의 기업결합 심사에 대해 EC(유럽연합 집행위원회)가 최종 승인을 내렸다. 지난 2021년 1월 기업결합을 위해 14개국에 신고한 지 약 4년 만이다. 28일(현지시간) EC는 대한항공과 아시아나항공의 결합을 위한 선결 요건이 모두 충족돼 심사를... ",3주 전
"""아시아나 마일리지 털자"" 내달 김포~제주 56편 구매 가능",http://www.fnnews.com/news/202411261807274734, 아시아나항공이 마일리지 사용에 어려움을 겪는 고객들을 위해 제주행 항공편 좌석 확대에 나선다. 특히 마일리지 좌석을 유상좌석과 동일하게 운영해 고객만족도를 높인다는 계획이다. 아시아나항공은 27일 오전 9시부터 '제주 해피 마일리지 위크' 프로모션을 통해 총 56편의 항공편에서 마일리지... ,17면 1단
"대한항공-아시아나 합병, '에어프랑스-KLM'과 닮은 꼴",http://www.hansbiz.co.kr/news/articleView.html?idxno=723267," / 한진 국내 양대 국적 항공사 대한항공과 아시아나항공의 물리적 통합이 사실상 완료됐다. 28일(현지시간) 유럽연합집행위원회(EC)가 양사... 국내의 FSC는 2곳, 대한항공과 아시아나항공이 있다. 코로나 사태의 장기화로 아시아나항공의 경영 정상화의 불확실성이 심해지자 2020년 11월 국책은행인... ",3주 전
"대한항공-아시아나 기업결합 사실상 확정…EU 경쟁당국, 최종 승인",https://www.newsquest.co.kr/news/articleView.html?idxno=235245," 대한항공이 아시아나항공과의 기업결합을 위한 마지막 관문인 EU(유럽연합) 경쟁당국의 조건부 승인의 선행 조건을 모두 충족시켰다. 이에 따라, 오는 12월 대한항공과 아시아나항공 신주 인수가 끝나면 두 기업의 기업결합 절차는 모두 마무리된다. EU 경쟁당국(European Commission·EC)은 28일(현지시간)... ",3주 전
"에어인천, 아시아나항공 화물사업부 4700억원에 인수 확정",https://biz.newdaily.co.kr/site/data/html/2024/11/29/2024112900245.html, 뉴데일리 김재홍 기자 = 대한항공과 아시아나항공 합병이 최종 승인받으면서 양사 기업결합의 전제 조건이었던 에어인천의 아시아나항공 화물사업부 인수가 공식 확정됐다. 에어인천은 유럽연합 집행위원회(EC)가 지난 28일(현지시간) 양사 기업결합을 승인하면서 에어인천의 아시아나항공 화물사업부... ,3주 전
대한항공·아시아나 '통합 마일리지' 내년 봄 넘어야 윤곽,http://www.fnnews.com/news/202411281620577958," 대한항공과 아시아나항공 합병이 마무리됐지만 국민들의 가장 큰 관심사인 '통합 마일리지'는 내년 봄을 넘겨야 윤곽이 드러날 것으로 관측된다.... 28일 대한항공과 아시아나항공 3·4분기 분기보고서에 따르면 양사의 미사용 마일리지(이연수익)은 각각 2조5542억원, 9819억원으로 총 3조5000억원을 넘어선다.... ",4주 전
"""대한항공, EC 아시아나 결합 승인에 불확실성 제거…목표가↑""-하나",https://www.hankyung.com/article/2024112925986, 하나증권은 29일 대한항공에 대해 유럽연합 경쟁당국(EC)가 아시아나항공과의 기업결합을 승인함에 따라 불확실성이 제거됐다며 목표주가를 기존... 연내 아시아나항공 인수 절차가 이뤄질 예정”이라고 설명했다. 대한항공은 올해 말까지 아시아나항공을 자회사로 편입하고 2년 안에 합병까지 마무리할... ,3주 전
"'메가 캐리어' 등극…대한항공·아시아나, 남은 과제는?",http://www.newstomato.com/ReadNews.aspx?no=1246553&inflow=N, 뉴스토마토 = 임유진 기자 | 대한항공과 아시아나항공의 기업결합 절차가 사실상 마무리 되면서 향후 양사의 완전한 통합까지 해결할 과제들이... 29일 대한항공에 따르면 유럽연합 집행위원회(EC)는 지난 28일(현지시간) 대한항공과 아시아나항공의 기업결합을 위한 선결 요건이 모두 충족됐다고 판단해 심사를... ,3주 전
"""어디에 쓰냐"" 불만에…아시아나, 마일리지 항공권 푼다",http://www.wowtv.co.kr/NewsCenter/News/Read?articleId=A202411260340&t=NN," 아시아나항공이 12월 2주 동안 마일리지 좌석을 유상 좌석과 동일하게 오픈하는 항공편을 운영한다. 아시아나항공은 27일 오전 9시부터 '제주 해피 마일리지 위크' 프로모션을 통해 마일리지 좌석을 공급한다고 26일 밝혔다. 매일 ▲김포→제주 2편 ▲제주→김포 2편으로, 하루 4편씩 총 56개 항공편이... ",2024.11.26.
"아시아나항공, 제주 노선 마일리지 항공권 공급",http://www.inews24.com/view/1787116, 아시아나항공이 12월 2주 동안 마일리지 좌석을 유상좌석과 동일하게 오픈하는 항공편을 운영한다고 26일 밝혔다. 아시아나항공은 오는 27일 오전 9시부터 '제주 해피 마일리지 위크' 프로모션을 통해 오는 12월 2일부터 15일까지 총 56편 대상 항공편에서 마일리지 좌석을 최대 공급한다. 매일 △김포... ,2024.11.26.
"하나證, “대한항공, 아시아나 합병 불확실성 제거로 성장 기대”···목...",https://biz.heraldcorp.com/article/10006139?ref=naver," 대한항공, 연내 아시아나항공 자회사 편입 예정 하나證 “대한항공 향후 2년은 과도기적 구간으로 이해해야” 대한항공에 투자의견 ‘매수’·목표가 상향 조정 [연합] [헤럴드경제=김민지 기자] 하나증권은 29일 대한항공에 대해 아시아나항공과의 기업 결합이 유럽연합(EU)에서 최종 승인되며 불확실성이... ",3주 전
EC 대한항공·아시아나 기업결합 '승인',https://www.safetimes.co.kr/news/articleView.html?idxno=222196, 2020년 대한항공이 아시아나항공 인수를 공시한 이후 4년만이다. EC는 홈페이지에 대한항공·아시아나항공이 결합을 위한 선결 요건이 충족돼 심사를 종결한다고 28(현지시간)일 발표했다. 합병조건은 아시아나항공 화물기 여객 부문 유럽 중복 4개 노선과 사업부문 분리매각에 신규 항공사 진입을 걸었다.... ,3주 전
"EU, 대한항공-아시아나 기업결합 최종 승인…다음달 마무리",https://www.imaeil.com/page/view/2024112818580768431, 대한항공과 아시아나항공의 완전 통합이 눈앞에 다가왔다. 항공업계에 따르면 유럽연합(EU) 집행위원회는 대한항공과 아시아나항공의 결합을 28일(현지시간) 승인했다. EU 집행위가 기업결합을 최종 승인하면서 대한한공은 2021년 1월 기업결합을 신고한 14개 '필수 신고국' 중 미국을 제외한 13개국의 승인을... ,12면 1단
"EU, 대한항공-아시아나 기업결합 승인",https://news.kbs.co.kr/news/pc/view/view.do?ncd=8118205&ref=A, 대한항공과 아시아나항공의 기업결합이 EU 경쟁당국의 최종 승인을 얻어냈습니다. EU 집행위원회는 대한항공과 아시아나항공의 결합을 위한 선결 요건이 모두 충족돼 심사를 종결한다고 발표했습니다. ,3주 전
대한항공-아시아나항공 최종 합병…글로벌 10위권 ‘메가 캐리어’ 탄생,https://www.etoday.co.kr/news/view/2424009, 대한항공과 아시아나항공의 기업결합 심사를 최종 승인하면서 글로벌 10위권 ‘메가 케리어(초대형 항공사)’가 탄생했다. 2020년 11월 이후 4년여 만에 합병을 마무리한 대한항공은 연내 아시아나항공의 지분 인수 과정을 거쳐 합병 작업 마무리에 들어간다는 방침이다. 이번 합병으로 ‘통합 대한항공’... ,4주 전
"유럽연합, 대한항공-아시아나항공 기업결합 최종 승인",https://news.einfomax.co.kr/news/articleView.html?idxno=4334107," EU 경쟁당국 ""승인 선결 요건 충족"" 발표 조건부 승인 이후 9개월만…올해 안에 거래 마무리 목표 대한항공[003490]이 아시아나항공[020560]과의 기업결합을 위한 유럽연합(EU) 경쟁당국의 최종 승인을 받았다. 28일 대한항공에 따르면 EU 경쟁당국(EC)은 이날(현지시간) 대한항공과 아시아나항공의 결합을 위한... ",4주 전
EU 경쟁당국 대한항공-아시아나 결합 최종 승인,https://www.econovill.com/news/articleView.html?idxno=675114, 유럽연합(EU) 경쟁당국이 28일(현지시간) 대한항공과 아시아나항공의 기업결합을 최종 승인했다. 이날 EU 경쟁당국은 두 항공사의 기업결합을 위한 선결 요건이 모두 충족돼 심사를 종결한다고 발표했다. EU 경쟁당국의 최종 승인으로 대한항공과 아시아나항공의 기업결합은 사실상 마무리 됐다. EU 경쟁당국은... ,3주 전
"[속보] EC, 대한항공-아시아나항공 기업결합 최종승인",https://www.gukjenews.com/news/articleView.html?idxno=3147242," 사진=대한항공 대한항공이 아시아나항공과의 기업결합을 위해 유럽연합(EU) 경쟁당국이 제시한 조건부 승인의 선행 조건을 모두 충족시켰다. 대한항공은 28일(현지시간) ""EU 경쟁당국(European Commission·EC)은 대한항공과 아시아나항공의 결합을 위한 선결 요건이 모두 충족돼 심사를 종결한다고... ",4주 전
"하늘길 ‘대왕고래’ 꿈꾸는 조원태…'통합' 대한항공, 남은 과제는",http://www.fntimes.com/html/view.php?ud=202411291552129056febc6baa6_18, 대한항공이 아시아나항공을 품에 안으면서 세계 10위권 ‘메가 캐리어(초대형 항공사)’로 거듭난다. 국내 항공업계에 대왕고래가 탄생하면서... 기업결합 마지막 관문이었던 EU 경쟁당국(European Commission·EC)으로부터 최종 심사승인을 받은 대한항공은 해를 넘기기 전 아시아나 지분을 취득해 자회사로... ,3주 전
"대한항공-아시아나 최종 합병 승인, 글로벌 10위권 항공사 탄생",https://www.asiatime.co.kr/article/20241127500487," 2026년까지 아시아나항공 독립법인 운영 진에어 필두, 통합 LCC 작업 본격화 예정 대한항공, 미 법무부에 EC 승인 결정 보고 [아시아타임즈=김미나 기자] 대한항공과 아시아나항공의 긴 인수합병 여정이 끝을 맺었다. 아시아나항공은 연내 대한항공 자회사로 편입된 뒤 오는 2026년 역사속으로 사라질... ",4주 전
[그래픽] 대한항공-아시아나항공 합병 규모,https://www.yna.co.kr/view/GYH20241128002100044?input=1363m, 유럽연합（EU) 집행위원회의 기업결합 최종 승인으로 국내 유일의 '메가 캐리어(초대형 항공사)' 탄생이 눈앞에 다가오면서 국내 항공산업도 지각변동이 불가피할 전망이다. kmtoil@yna.co.kr 페이스북 tuney.kr/LeYN1 X(트위터) @yonhap_graphics ,3주 전
대한항공-아시아나 통합땐 '마일리지 전환' 어떻게,https://www.ebn.co.kr/news/articleView.html?idxno=1644514," 대한항공과 아시아나항공의 기업결합으로 아시아나항공의 마일리지 전환에 관심이 집중된다. 29일 항공업계에 따르면 대한항공은 2년 후 아시아나항공 통합 전에 아시아나항공 마일리지를 최대한 소진한다는 전략을 추진 중인 것으로 알려졌다. 양사의 통합으로 마일리지도 합쳐져야 하지만, 각 마일리지의... ",3주 전
"EC, 대한항공-아시아나항공 기업결합 최종 승인",http://www.g-enews.com/ko-kr/news/article/news_all/20241128182250418112616b072_1/article.html, 대한항공이 아시아나항공과의 기업결합을 위해 유럽연합(EU) 경쟁당국이 제시한 조건부 승인의 선행 조건을 모두 충족시켰다. EU 경쟁당국(EC)은 28일(현지 시각) 대한항공과 아시아나항공의 결합을 위한 선결 요건이 모두 ‘충족’돼 심사를 종결한다고 발표했다. EC는 올해 2월 조건부 승인 결정을 내리면서... ,4주 전
"대한항공, EU 기업결합 조건 충족…‘아시아나항공 합병’ 12월 최종 절...",https://weekly.cnbnews.com/news/article.html?no=165444," ▲ 대한항공,EU,기업결합,아시아나항공,합병 사진=대한항공 대한항공이 아시아나항공과의 기업결합을 위해 EU 경쟁당국(European Commission, EC)이 제시한 조건을 모두 충족했다. EC는 현지시간 11월 28일, 대한항공과 아시아나항공의 결합 심사를 종결한다고 발표하며 선결 요건 충족을 확인했다. EU는 올해... ",3주 전
"대한항공-아시아나 합병, 글로벌 경쟁력과 독과점 우려 교차",https://www.cstimes.com/news/articleView.html?idxno=622107," 대한항공 컨슈머타임스=강나연 기자 | 유럽연합(EU) 집행위원회가 대한항공과 아시아나항공의 기업결합을 최종 승인하면서 세계 10위권의 국내 첫... 18위, 아시아나항공은 32위를 차지했다. 두 항공사가 합병할 경우 통합 항공사는 세계 11위에 오르게 된다. 통합 항공사는 항공기 238대를 보유하고, 합산... ",3주 전
"대한항공, EU 경쟁당국 최종 승인...아시아나 합병 초읽기",https://www.kpinews.kr/newsView/1065577838118413, 대한항공이 아시아나항공과의 기업결합을 위해 EU 경쟁당국이 제시한 조건부 승인의 선행 조건을 모두 충족시켰다고 29일 밝혔다. ▲대한항공 보잉787-9.[대한항공 제공] 대한항공에 따르면 EU 경쟁당국(European Commission·EC)은 현지시간 지난 28일 대한항공과 아시아나항공의 결합을 위한 선결 요건이... ,3주 전
"하나증권, “대한항공, 아시아나 합병 불확실성 제거”…목표주가↑",https://www.kukinews.com/article/view/kuk202411290023, (EU)의 아시아나항공 기업 결합 승인에 따른 불확실성 제거로 구조적 성장 가도에 올라섰다고 평가했다. 29일 하나증권은 보고서를 통해 대한항공 목표주가를 기존 3만3000원에서 3만7000원으로 상향 조정한다고 밝혔다. 투자의견은 매수를 유지했다. 유럽연합 경쟁당국의 대한항공과 아시아나항공 기업결합... ,3주 전
"[특징주] 대한항공·아시아나, 기업결합 최종 승인에 동반 약세",https://www.dailian.co.kr/news/view/1435024/?sc=Naver, 유럽연합(EU) 경쟁당국이 대한항공과 아시아나항공의 기업 결합 심사를 종결하면서 대한항공이 아시아나항공 인수를 위한 최종 관문을 넘은 가운데 주가는 동반 약세다. 29일 한국거래소에 따르면 대한항공은 이날 오전 10시 20분 현재 유가증권시장에서 전 거래일 대비 0.98% 내린 2만5200원에 거래되고 있다.... ,3주 전
대한항공·아시아나항공 기업결합 EU 최종 승인...내달 합병 마무리,https://www.redian.org/news/articleView.html?idxno=251745, 대한항공이 아시아나항공과의 기업결합을 위해 EU 경쟁당국(EC)이 제시한 조건부 승인의 선행 조건을 모두 충족시켜 최종 승인을 받았다고 밝혔다. EU 경쟁당국은 28일(현지 시간) 대한항공과 아시아나항공의 결합을 위한 선결 요건이 모두 '충족'돼 심사를 종결한다고 발표했다. EU 경쟁당국은 대한항공과... ,3주 전
"아시아나, 체코 직항 등 15개 노선 신규 취항·증편",https://www.newspim.com/news/view/20241128000397, 김정태 건설부동산 전문기자= 아시아나항공이 체코 노선의 운수권을 받는 등 국내 항공사들이 유럽과 아시아 15개 노선에 신규 취항 및 증편한다. 국토교통부는 27일 열린 항공교통심의위원회에서 15개 노선의 운수권을 8개 국적 항공사에 배분했다고 밝혔다. 아시아나항공 항공기 [사진=아시아나항공] 이번... ,4주 전
"대한항공·아시아나, 4년 만에 최종관문 넘었다…세계 10위권 항공사로",https://www.mediapen.com/news/view/971582, 대한항공이 아시아나항공과의 기업결합을 위한 최종 관문을 통과했다. 대한항공이 유럽연합 집행위원회(EC)의 최종 승인까지 확정 지으면서 세계 10위권 수준의 '메가 캐리어(초대형 항공사)' 출범을 목전에 두고 있다. 30일 업계에 따르면 EC는 지난 28일(현지시간) 대한항공과 아시아나항공의 결합을 위한... ,3주 전
"EU, 대한항공·아시아나항공 기업결합 최종승인",https://www.newsway.co.kr/news/view?ud=2024112818425990935, 대한항공과 아시아나항공 기업결합이 유럽연합(EU) 집행위원회로부터 28일(현지시간) 최종 승인됐다. 연합뉴스에 따르면 항공업계에서 밝히기를 EU... 2020년 11월 시작된 두 기업의 기업결합 절차가 다음 달 대한항공의 아시아나항공 신주 인수가 끝나면 마무리될 전망이다. 대한항공이 아시아나항공과의... ,4주 전
대한항공?아시아나 합치면 조직?임직원 운영 어찌되나,https://ilyo.co.kr/?ac=article_view&entry_id=482938," 아시아나항공은 대한항공에 인수된 뒤 2년간 자회사 형태로 운영될 예정이다. 뉴스1 등에 따르면 해당 기간 양사의 마일리지 통합, 새로운 기업 이미지(CI) 구축, 인력 교류 등 화학적 결합 작업이 이뤄진다. 아시아나항공 임직원 고용 주체는 대한항공으로 옮겨지며 초기 안정적 사업 운영을 위해 인위적 인력... ",3주 전
"[위클리오늘] EC, 대한항공-아시아나항공 기업결합 최종 승인",http://www.weeklytoday.com/news/articleView.html?idxno=665579, 대한항공과 아시아나항공의 기업결합 심사에 대해 최종 승인했다. EC는 28일(현지시간) 두 항공사의 결합을 위한 선결 요건이 모두 충족돼 심사를 종결한다고 발표했다. 양사의 합병은 지난 2021년 1월 기업결합을 위해 14개국에 신고한 지 약 4년 만이다. 앞서 EC는 지난 2월 대한항공과 아시아나항공의... ,3주 전
"아시아나항공, 12월 제주행 ‘마일리지’ 항공편 공급",https://www.viva100.com/article/20241126500273, 아시아나항공이 12월 2주 동안 마일리지 좌석을 유상좌석과 동일하게 오픈하는 항공편을 운영한다. 아시아나항공은 27일 오전 9시부터 ‘제주 해피 마일리지 위크’ 프로모션을 통해 12월 2일부터 15일까지 총 56편 대상 항공편에서 마일리지 좌석을 최대 공급한다. 매일 ▲김포→제주 2편 ▲제주... ,2024.11.26.
대한항공 아시아나 기업결합 승인…주가 호재되나,https://www.mediapen.com/news/view/971368, 대한항공과 아시아나항공과의 기업결합을 승인하면서 대한항공 주가에 호재가 될지 시장의 관심이 모아진다. 기업결합의 사실상 마지막 관문을 통과한 것으로 여겨지는 만큼 주가에도 긍정적 영향을 미칠 것이라는 분석이 나온다. 유럽연합(EU) 경쟁당국(EC)이 대한항공과 아시아나항공과의 기업결합을... ,3주 전
"EU 경쟁당국, 대한항공-아시아나 기업결합 승인...""구조적 성장 기대""",http://www.marketnews.co.kr/news/articleView.html?idxno=70529, 대한항공과 아시아나항공의 기업결합이 유럽연합(EU) 집행위원회의 승인 절차를 통과했다. 앞서 대한항공이 아시아나항공과의 기업결합을 위해 EU 경쟁당국이 제시한 조건부 승인의 선행 조건을 모두 충족시킨 것이다. 이에 유럽연합 경쟁당국은 28일(현지시각) 대한항공과 아시아나항공의 결합을 위한... ,3주 전
대한항공-아시아나 합병 최종승인…글로벌 10위권 항공사 탄생,http://www.wolyo.co.kr/news/articleView.html?idxno=251409, 사진=대한항공 ［월요신문=이종주 기자］지난 4년여간 이어진 대한항공과 아시아나항공의 기업결합 절차가 사실상 마무리됐다. 대한항공은 다음 달 중 아시아나항공과의 기업결합 절차를 최종 완료하고 아시아나항공을 자회사로 편입할 계획이다. 이후 2년간 독립 운영 기간을 두고 마일리지 통합 등의... ,3주 전
"아시아나항공, 김포↔제주 마일리지 항공편 56편 운영",http://www.newsprime.co.kr/news/article.html?no=664345, 아시아나항공(020560)이 12월 2주 동안 마일리지 좌석을 유상좌석과 동일하게 오픈하는 항공편을 운영한다. 아시아나항공은 27일 오전 9시부터 '제주 해피 마일리지 위크' 프로모션을 통해 12월2~15일 총 56편 대상 항공편에서 마일리지 좌석을 최대 공급한다. 매일 △김포→제주 2편 △제주→김포 2편으로... ,2024.11.26.
"EC, 대한항공-아시아나 합병 최종승인… 내달 잔금 납입 등 딜 클로징",https://biz.newdaily.co.kr/site/data/html/2024/11/28/2024112800380.html, 뉴데일리 김재홍 기자 = 대한항공이 아시아나항공과의 기업결합에 필요한 14개국 승인을 모두 획득했다. 양사 합병으로 세계 7위 규모의 ‘메가 캐리어(초대형 항공사)’가 탄생하면서 새로운 도약의 계기를 마련할 것으로 전망된다. 28일 업계에 따르면 유럽연합 경쟁당국(EC)은 이날 대한항공과 아시아나... ,3주 전
"[종합] '초대형 항공사 탄생'…대한항공-아시아나 합병, EU '최종 승인'",https://www.newspim.com/news/view/20241128000945, 대한항공이 아시아나항공과의 기업결합을 위해 유럽연합(EU) 경쟁당국이 제시한 조건부 승인의 선행 조건을 모두 충족시키며 유럽연합 집행위원회(EC)의 최종 승인을 받았다. EC는 28일(현지시각) 대한항공과 아시아나항공의 결합을 위한 선결 요건이 모두 충족돼 심사를 종결한다고 발표했다. 대한항공 B787-10... ,4주 전
[대한항공·아시아나 합병] ② 2년 동안 독립운영...슬롯조정·내부통합...,https://www.newspim.com/news/view/20241128000393, 아시아나항공을 대한항공의 자회사 형태로 두고 2년 동안 독립 운영을 거쳐 마침내 한 회사가 되기 때문이다. 2년의 시간 동안 대한항공은 새로운 CI 작업... ◆ 결합일로부터 10년간 슬롯·운수권 반납해야…LCC에 '기회' 28일 항공업계와 정부에 따르면 대한항공은 아시아나항공의 주식 취득을 완료하는 날... ,4주 전
대한항공·아시아나 합병 최종 승인…'메가캐리어' 연내 비상 [한종해의...,http://www.ftoday.co.kr/news/articleView.html?idxno=333035," 4년간의 기다림 끝에 대한항공과 아시아나항공의 합병이 최종 승인되며, 세계 10위권 규모의 메가 항공사가 탄생한다. 유럽연합 집행위원회(EC)와 미국 법무부(DOJ)의 조건부 승인을 끝으로 모든 절차가 완료됐다. EC는 대한항공과 아시아나항공 기업 결합을 28일(현지시간) 최종 승인했다. 대한항공도 이날 EC가... ",3주 전
"아시아나항공, 마일리지 항공편 56편 푼다",http://www.smedaily.co.kr/news/articleView.html?idxno=310668, 아시아나항공 A321NEO 항공기. 사진/아시아나항공 아시아나항공이 12월 2주 동안 마일리지 좌석을 유상좌석과 동일하게 오픈하는 항공편을 운영한다. 아시아나항공은 27일 오전 9시부터 '제주 해피 마일리지 위크' 프로모션을 통해 12월 2일(월)부터 15일(일)까지 총 56편 대상 항공편에서 마일리지 좌석을... ,2024.11.26.
"아시아나항공, 마일리지 항공편 56편 푼다",http://www.biztribune.co.kr/news/articleView.html?idxno=325850, 아시아나항공 A321NEO 항공기 사진 l 아시아나항공 아시아나항공(대표 원유석)이 12월 2주 동안 마일리지 좌석을 유상좌석과 동일하게 오픈하는 항공편을 운영한다. 아시아나항공은 27일 오전 9시부터 '제주 해피 마일리지 위크' 프로모션을 통해 12월 2일(월)부터 15일(일)까지 총 56편 대상 항공편에서... ,2024.11.26.
"[대한항공-아시아나] 초대형 항공사 등장...증권가 ""밸류 확대 기대""",http://www.biztribune.co.kr/news/articleView.html?idxno=326102," EU 경쟁당국이 대한항공과 아시아나항공의 기업결합을 최종 승인하며, 4년에 걸친 기업결합 절차에 끝이 보이기 시작했다. 미국 경쟁당국(DOJ)이 추가로 소송을 제기하지 않는다면 기업결합 승인 절차는 모두 마무리되고, 예정대로 연내 아시아나항공 인수 절차가 이루어질 예정이다. 증권가에서는... ",3주 전
"“최종 관문 넘었다”… 대한항공·아시아나 합병 최종 승인, 마일리지...",https://www.wikitree.co.kr/articles/1004644," 대한항공과 아시아나항공의 합병이 유럽연합집행위원회(EC)의 최종 승인을 받으며 사실상 마무리됐다. 4년간 이어진 합병 절차가 종결 단계에 이른... ◈ 세계 10위권 항공사 탄생 임박 앞서 EC는 지난 2월, 조건부 승인을 내렸고, 그 조건은 유럽 내 4개 중복 노선에 신규 항공사가 진입하고, 아시아나항공의... ",3주 전
대한항공-아시아나항공 합병 9부 능선 넘어…EU 경쟁당국 최종 승인,http://www.beyondpost.co.kr/view.php?ud=2024112818593769468cba63abf8_30, 대한항공과 아시아나항공의 합병이 9부 능선을 넘었다. 항공업계에 따르면 EU 경쟁당국(EC)은 28일 대한항공과 아시아나항공의 결합을 위한 선결 요건을 모두 ‘충족’돼 심사를 종결했다. 항공 양사가 EC의 조건부 승인 선행 조건을 모두 충족시켰기 때문이다. EC는 지난 2월 조건부 승인 결정을 내리면서... ,3주 전
"EU, 대한항공-아시아나 기업결합 승인…美 승인만 남아",https://www.kpinews.kr/newsView/1065610094887249, 대한항공과 아시아나항공 기업결합이 유럽연합(EU) 집행위원회의 최종 승인을 얻었다. 이로써 미국 당국의 승인만 받으면 기업결합은 완료된다.... ▲ 인천국제공항 전망대에서 내려다본 대한항공과 아시아나항공 여객기들. [뉴시스] 대한항공이 아시아나항공과의 기업결합을 위해 EU 집행위가 제시한 조건부... ,3주 전
"마일리지로 제주 여행 가볼까…아시아나, 김포↔제주 56편 푼다",https://www.joongang.co.kr/article/25294919," 아시아나항공이 김포↔제주 구간 마일리지 사용 항공편을 한시적으로 확대한다. 아시아나항공은 27일 오전 9시부터 ‘제주 해피 마일리지 위크’ 프로모션을 진행한다고 26일 밝혔다. 프로모션 대상 항공편은 다음달 2~15일 운행하는 김포↔제주 구간 56편으로, 김포발 OZ8909(오전 7시10분)·OZ8967(오후... ",2024.11.26.
"대한항공-아시아나항공, EU 경쟁당국 최종 승인",http://www.newscape.co.kr/news/articleView.html?idxno=107783, (사진=대한항공) 대한항공이 아시아나항공과의 기업결합을 위해 EU 경쟁당국이 제시한 조건부 승인의 선행 조건을 모두 충족시켰다. EU 경쟁당국(European Commission·EC)은 28일(현지시각) 대한항공과 아시아나항공의 결합을 위한 선결 요건이 모두 충족돼 심사를 종결한다고 발표했다. EU 경쟁당국은 올해 2월... ,4주 전
"아시아나항공, 12월 제주행 마일리지 항공권 공급",https://www.insightkorea.co.kr/news/articleView.html?idxno=214444, 아시아나항공이 12월 2주 동안 마일리지 좌석을 유상좌석과 동일하게 오픈하는 항공편을 운영한다. 아시아나항공은 27일 오전 9시부터 '제주 해피 마일리지 위크' 프로모션을 통해 12월 2일부터 15일까지 총 56편 대상 항공편에서 마일리지 좌석을 최대 공급한다. 매일 ▲김포→제주 2편 ▲제주→김포... ,2024.11.26.
"EU 경쟁당국 최종승인…대한항공·아시아나 4년간의 합병, 다음달 종결...",https://www.sportsseoul.com/news/read/1480685?ref=naver, 대한항공과 아시아나항공의 기업결합에 대해 유럽연합(EU) 집행위원회가 최종 승인했다. 2020년 11월 시작한 합병이 4년만에 사실상 종료된다. 양 사의 합병으로 세계 10위권 초대형 항공사가 탄생할 예정이다. 대한항공이 아시아나항공과의 기업결합을 위해 EU경쟁당국이 제시한 조건부 승인의 선행... ,3주 전
"아시아나 '화물매각중지' 가처분 각하…사측 ""결합 마무리 최선""(종합)",https://www.yna.co.kr/view/AKR20241122116601003?input=1195m," 아시아나 조종사노조, 이사회 결의 의사결정 문제 삼아…내달 최종승인 눈앞 대한항공과 아시아나항공의 기업결합 승인 조건인 아시아나항공 화물 사업 매각 결정의 효력을 정지해 달라며 조종사노조가 낸 가처분을 법원이 받아들이지 않았다. 22일 항공업계와 법조계에 따르면 서울남부지법 민사합의51부... ",2024.11.22.
[대한항공-아시아나] EU 경쟁당국 최종승인...올해안으로 마무리한다,http://www.biztribune.co.kr/news/articleView.html?idxno=326050," 대한항공이 아시아나항공과의 기업결합을 위해 EU 경쟁당국이 제시한 조건부 승인의 선행 조건을 모두 충족시키면서, 사실상 마지막 관문을 넘고 이제 최종 마무리를 향해가게 됐다. EU 경쟁당국(European Commission·EC)이 28일(현지시간) 대한항공과 아시아나항공의 결합을 위한 선결 요건이 모두 '충족'돼... ",4주 전
"아시아나항공, EC 최종 승인 임박에 재무 개선 기대감↑",https://www.ekn.kr/web/view.php?key=20241128020088456," 아시아나항공의 재무 구조가 악화일로를 걷고 있는 가운데 대한항공에 의한 기업 결합을 심사 중인 유럽연합(EU)의 경쟁 담당 기관인 집행위원회(EC)... 대한항공은 EC의 발표 직후 한국산업은행과 체결한 '인수 후 통합(PMI, Post Merger Integration)' 계획안에 따른 작업에 착수할 계획이어서 아시아나항공... ",4주 전
"아시아나항공 ""제주노선에 마일리지 항공권 공급""…유상좌석과 동일",https://www.sentv.co.kr/article/view/sentv202411260036, 서울경제티브이 김효진 기자 [서울경제TV=김효진기자] 아시아나항공이 12월 2주 동안 마일리지 좌석을 유상좌석과 동일하게 오픈하는 항공편을 운영한다. 아시아나항공은 27일 오전 9시부터 ‘제주 해피 마일리지 위크’ 프로모션을 통해 12월 2일부터 15일까지 총 56편 대상 항공편에서 마일리지 좌석을... ,2024.11.26.
"에어인천, 아시아나 카고 인수자 확정…“글로벌 화물 전문 항공사 도약...",https://www.ekn.kr/web/view.php?key=20241129025399218, 29일 에어인천은 유럽연합 집행위원회(EC)의 실사를 거쳐 아시아나항공 화물본부(카고) 인수자로 확정됐다고 밝혔다. 내년 7월 1일 통합 운항을 목표로 에어인천은 해외 인허가와 관련 투자 등 마무리 작업에 박차를 가하고 있다. 아시아나항공 화물본부 인수·합병(M&A)으로 에어인천은 글로벌 화물 네트워크를... ,3주 전
"""아시아나 마일리지로 제주도 간다""…12월 총 56편 대상",https://www.dt.co.kr/contents.html?article_no=2024112602109932057008&ref=naver," 이날 오전9시부터 예약…""선호시간대 포함해 만족도 높여"" 아시아나항공이 내달 2주간 마일리지 좌석을 유상좌석과 동일하게 오픈하는 항공편을 운영한다고 27일 밝혔다. 아시아나항공은 이날 오전 9시부터 '제주 해피 마일리지 위크' 프로모션을 통해 내달 2일부터 15일까지 총 56편 대상 항공편에... ",4주 전
"대한항공, EU 경쟁당국의 아시아나항공 인수 최종 승인",http://www.thevaluenews.co.kr/news/view.php?idx=186996, 대한항공은 EU 경쟁당국(European Commission·EC)이 제시한 아시아나항공 인수를 위한 선결 조건을 모두 충족시켰다. EU 경쟁당국은 지난 28일(현지시각) 대한항공과 아시아나항공의 기업결합 승인을 위한 선행 조건이 완료됐다고 발표했다. 대한항공 보잉 787-9가 이륙하고 있다. [사진=대한항공] EU... ,3주 전
[포토] 4년만에 마무리되는 대한항공 아시아나 합병,https://view.asiae.co.kr/article/2024112909264262358, 대한항공과 아시아나항공의 기업결합 마지막 관문인 유럽연합 집행위원회(EC)의 최종 승인이 난 가운데 29일 인천 영종도 인천국제공항 활주로와 계류장에 대한항공-아시아나항공 여객기가 대기하고 있다. 지난 2020년부터 시작된 대한항공과 아시아나항공의 합병 작업이 4년 만에 마무리 단계에 들어섰다. ,3주 전
대한항공·아시아나 합병 ‘마지막 관문’ 넘었다,http://www.segye.com/newsView/20241128519476?OutUrl=naver, EU 최종 승인… 사실상 종결 세계 10위권 대형사 탄생 눈앞 진에어 등 산하 LCC들도 재편 대한항공과 아시아나항공의 기업결합이 유럽연합(EU)의 최종 승인을 받으며 사실상 마지막 관문을 넘었다. EU 경쟁당국인 집행위원회(EC)는 28일(현지시간) 대한항공과 아시아나항공의 결합을 위한 선결 요건이 모두 충족돼... ,A17면 1단
"‘가장 큰 산’ EC 넘은 대한항공, 본 게임 시작…아시아나 재무 안정화...",https://www.ekn.kr/web/view.php?key=20241130023429054, 대한항공이 유럽연합 집행위원회(EC)의 최종 승인을 받아 아시아나항공 인수·합병(M&A)의 마지막 관문을 통과했다. 모든 빗장이 풀린 만큼 본격 아시아나항공 재무 건전성 확보에 나서고 내부 조직의 화학적 결합을 도모함과 동시에 저비용 항공사(LCC)들의 통합 작업도 수행해야 해 본 게임은 지금부터라는... ,3주 전
대한항공-아시아나항공 연내 기업결합 절차 마무리,https://www.newsis.com/view/NISI20241129_0020612044, 대한항공이 아시아나항공과의 기업결합을 위해 유럽연합(EU) 경쟁당국이 제시한 조건부 승인의 선행 조건을 모두 충족하며 28일 사실상 인수 작업... 지난 2021년 1월 기업결합을 위해 나선 지 약 4년 만이다. 29일 인천국제공항 활주로에서 대한항공·아시아나항공 양사 항공기가 오가고 있다. 2024.11.29. ,3주 전
"대한항공, 아시아나 합병 EU 최종 승인… 세계 10위권 항공사로 비상",http://www.joseilbo.com/news/news_read.php?uid=531233&class=17&grp=, 대한항공이 아시아나항공과의 기업결합을 위해 EU 경쟁당국이 제시한 조건부 승인의 선행 조건을 모두 충족시켰다. EU 경쟁당국(EC)은 현지시간 28일 대한항공과 아시아나항공의 결합을 위한 선결 요건이 모두 '충족'돼 심사를 종결한다고 발표했다. EU 경쟁당국은 올해 2월 조건부 승인 결정을 내리면서... ,3주 전
"EU 경쟁당국, 대한항공·아시아나 합병 승인…‘메가 캐리어’ 뜬다",https://www.hani.co.kr/arti/economy/marketing/1169786.html, 대한항공과 아시아나항공을 합친 세계 10위권의 대형 국적 항공기(메가 캐리어)가 하늘을 난다. 두 회사 통합의 최종 관문인 외국 경쟁당국의 심사를 모두 완료해서다. ‘색동 날개’ 아시아나항공 브랜드는 2년간 유지되고 이후 ‘통합 대한항공’이 출범할 예정이다. 유럽연합 경쟁당국(EC)은 28일(현지시각)... ,15면 1단
대한항공·아시아나 합병 종결 눈앞…‘완전한 통합’까진 어떻게,https://www.munhwa.com/news/view.html?no=2024112801039910274010," 다음 달 아시아나는 자회사로 편입…2년간 ‘화학적 결합’ 집중 마일리지 전환 비율, 전문 컨설팅 거쳐 결정…‘메가LCC’ 출범 주목 지난 4년여간 이어진 대한항공과 아시아나항공의 기업결합 절차가 28일(현지시간) 유럽연합 집행위원회의 최종 승인으로 사실상 마무리되면서 향후 양사의 완전한 통합까지... ",3주 전
"[속보] EC, 대한항공-아시아나항공 기업결합 최종승인",https://biz.heraldcorp.com/article/10005993?ref=naver," 대한항공, 여객·화물부문 선결조건 충족 美 포함 14개국 심사 완료된듯 내달 아시아나항공 신주 인수 후 최종 합병절차 끝낸다 인천국제공항 계류장 내 대한항공과 아시아나항공 여객기 모습. [연합] [헤럴드경제=김영철 기자] 대한항공과 아시아나항공 간 기업결합의 마지막 관문인 유럽연합(EU)... ",4주 전
"대한항공-아시아나, 합병 마지막 관문 ‘유럽’ 넘었다",https://www.asiatoday.co.kr/view.php?key=20241128010014746," 넘고 아시아나항공 합병 완수에 다가섰다. 이르면 다음달 중으로 거래를 종결할 예정으로, 여객 수송 규모 세계 10위권의 초대형 항공사가 탄생하게 될 예정이다. 27일(현지 시간) 유럽연합(EU) 경쟁당국(European Commision·EC)은 대한항공과 아시아나항공 결합을 위한 선결 요건이 모두 충족돼 심사를... ",4주 전
[특징주] '기업결합 최종승인' 대한항공·아시아나 주가 동반 약세,https://www.yna.co.kr/view/AKR20241129043900008?input=1195m, 대한항공과 아시아나항공이 유럽연합(EU) 집행위원회의 최종 승인으로 기업결합의 마지막 관문을 넘었으나 29일 장 초반 주가는 동반 약세를 보이고... 아시아나항공 역시 2.00% 내린 1만760원을 나타내고 있다. 아시아나항공 역시 개장과 함께 4.91%까지 상승 폭을 키우다 반락해 하락세가 계속되고 있다.... ,3주 전
"EU경쟁당국, 대한항공-아시아나 합병 최종 승인 발표",https://www.klnews.co.kr/news/articleView.html?idxno=314721, 유럽연합 집행위원회(EC)는 지난 28일(현지시각) 대한항공과 아시아나항공의 합병을 최종 승인했다고 밝혔다. 유럽경쟁당국은 이날 대한항공과 아시아나항공의 합병을 위한 요건이 모두 충족됐으며 이에 따라 심사를 종료한다고 설명했다. 이에 따라 대한항공과 아시아나항공 합병은 물론 아시아나... ,3주 전
"대한항공-아시아나 합병, 유럽 마지막 관문 넘었다",https://www.kmib.co.kr/article/view.asp?arcid=1732792777&code=11151400&cp=nv, 유럽연합집행위원회(EC)가 대한항공과 아시아나항공의 기업결합을 승인했다. 사실상 합병의 마지막 관문으로 불리던 유럽연합(EU) 경쟁당국의 심사를 넘어서면서 두 회사의 합병은 초읽기에 들어갔다. 28일 항공업계에 따르면 EC는 이날 ‘대한항공이 아시아나항공과의 기업결합을 위해 EU 경쟁당국이... ,18면 1단
"에어인천, 아시아나항공 화물사업부 인수자 확정",https://www.hankyung.com/article/202411294200g," 유럽연합(EU) 집행위원회(EC)가 대한항공과 아시아나항공의 기업 결합을 최종 승인함에 따라 에어인천의 아시아나항공 화물사업부 인수가 공식화됐다. 29일 항공업계에 따르면 내년 7월 1일 통합운항을 목표로 에어인천은 해외 인허가 및 관련 투자 등 마무리 작업에 박차를 가하고 있다. 이번 인수, 통합으로... ",3주 전
"대한항공 합병 목전 아시아나, 2년뒤 역사속으로 사라진다",https://www.asiatime.co.kr/article/20241127500392," 1988년 2월 출범…36년간 운영 '스타얼라이언스' 2003년 가입 합병 선결 요건 '충족', 심사 종결 [아시아타임즈=이재성 기자] 유럽연합 집행위원회(EC)가 대한항공과 아시아나항공의 결합을 최종 승인함에 따라 국내 부동의 2위 대형항공사(FSC) 아시아나항공은 2년간 유예기간을 끝으로 사실상 날개를... ",3주 전
"[속보] 유럽 공정위, 대한-아시아나항공 합병 승인",https://www.kmib.co.kr/article/view.asp?arcid=0020778965&code=61141411&cp=nv,  ,4주 전
"제휴 카드냐, 여객기 탔느냐에 따라 갈린다?… 내 아시아나항공 마일리...",https://www.hankookilbo.com/News/Read/A2024112816070001190?did=NA, 유럽연합 집행위원회(EC)가 대한항공과 아시아나항공의 합병을 최종 승인하면서 주요국 경쟁 당국의 양사 합병 승인 절차가 사실상 마무리됐다. 두 회사의 통합이 눈앞으로 다가오면서 아시아나항공 누적 마일리지에 관심이 커지고 있다. 혹시나 차곡차곡 쌓아온 마일리지 일부가 무용지물이 되지 않을까... ,3주 전
"대한항공-아시아나항공 결합, EU 집행위 관문 넘겨 ""연내 합병 마무리""",http://www.wsobi.com/news/articleView.html?idxno=261824, 대한항공과 아시아나항공이 EC(유럽연합 집행위원회)의 기업결합 최종 승인을 받으면서 연내 합병 작업을 마무리할 수 있게 됐다. 지난 2019년 초 유동성위기에 빠졌던 금호아시아나그룹이 아시아나항공 매각 의사를 밝힌지 5년 만이다. 합병을 위한 심사단계가 모두 종료되면서 양사는 글로벌 10위권의 '메가... ,3주 전
"EU, 대한항공-아시아나 통합 최종승인… 美 결정만 남아",https://www.donga.com/news/Economy/article/all/20241129/130531826/2, 유럽연합(EU) 경쟁 당국인 EU집행위원회(EC)가 대한항공과 아시아나항공의 합병을 최종 승인했다. 이제 미국 경쟁 당국인 법무부(DOJ)의 승인만 받으면 4년 넘게 이어온 두 회사의 합병이 마무리된다. 28일(현지 시간) EC는 “대한항공과 아시아나항공의 합병을 위한 선결 조건이 모두 충족됐다”며 심사... ,A8면 1단
"하나증권 ""대한항공, 아시아나 합병 불확실성 제거…목표가 22%↑""",https://www.news1.kr/finance/general-stock/5615330," 대한항공의 아시아나항공(020560) 인수를 위한 기업결합 심사가 전날 유럽연합 집행위원회(EC)를 통과하면서 불확실성이 제거된 것을 반영했다. 안도현... 이어 ""미국 법무부의 추가 소송제기가 없다면 주요국의 기업결합 승인 절차가 모두 마무리된 것으로 해석하고 예정대로 연내 아시아나항공 인수... ",3주 전
대한항공·아시아나 합병 소식에…“내 마일리지는 어떻게 되나요?”,https://www.etoday.co.kr/news/view/2424290, 대한항공-아시아나항공 기업결합을 최종 승인하면서 향후 양사의 항공 마일리지 통합 방식에도 관심이 커지고 있다. 30일 대한항공은 EC가 대한항공과 아시아나항공의 결합을 위한 선결 요건이 모두 충족돼 심사를 종결한다고 발표함에 따라 미국 법무부(DOJ)에 최종 승인 내용을 보고한 뒤 연내 최종 거래종결... ,3주 전
"에어인천, 아시아나 화물사업부 인수 확정 ""글로벌 화물항공사 도약""",https://www.asiatoday.co.kr/view.php?key=20241129010015379," 유럽연합(EU) 집행위원회(EC)가 대한항공과 아시아나항공의 기업 결합을 최종 승인함에 따라 에어인천의 아시아나항공 화물사업부 인수가 공식화됐다. 에어인천은 내년 7월 통합운항을 목표로 인허가 및 투자를 진행, 글로벌 화물항공사로 도약한다는 포부다. 29일 에어인천은 전날 EC가 대한항공과... ",3주 전
"'기업결합 최종승인' 대한항공·아시아나, 주가는 희비 갈려",https://news.sbs.co.kr/news/endPage.do?news_id=N1007893069&plink=ORI&cooper=NAVER, ▲ 인천 영종도 인천국제공항 활주로와 주기장에 대한항공-아시아나항공 여객기가 보이고 있다. 대한항공과 아시아나항공이 유럽연합(EU) 집행위원회의 최종 승인으로 기업결합의 마지막 관문을 넘은 다음 날인 오늘(29일) 코스피에서 양사 주가는 엇갈린 흐름을 보였습니다. 대한항공은 전날보다 1.96... ,3주 전
"대한한공-아시아나 합병 임박…부산시민단체 ""에어부산 존속"" 촉구",https://www.newsis.com/view/NISX20241129_0002978154, 지난 28일 유럽연합 집행위원회(EC)가 대한항공과 아시아나항공의 기업결합을 승인하면서 에어부산 역시 자회사인 진에어와 에어서울과 함께 통합될... 대한항공과 아시아나의 합병 승인이 미국만 남은 상황이다. 미국 법무부(DOJ)의 심사가 남았지만 양사 합병에 대해 독과점 소송을 제기하지 않는다면... ,3주 전
대한항공·아시아나 기업결합 4년 만에 마무리…EU 최종 승인,https://www.bloter.net/news/articleView.html?idxno=627211, 대한항공과 아시아나항공의 기업결합 심사가 마지막 관문인 유럽연합(EU) 집행위원회(EC)의 최종 승인을 받았다. 이로써 4년간 이어진 두 기업의 기업결합 절차가 연내 최종 마무리될 예정이다. 28일(현지시간) EC는 EU 기업결합 규정에 따라 대한항공의 아시아나항공 결합을 위한 선결 요건이 모두 충족돼서... ,3주 전
"초대형 항공사 초읽기…EC, 대한항공·아시아나 합병 최종 승인",https://www.mk.co.kr/article/11181133, 대한항공이 아시아나항공과의 기업결합을 위해 EU 경쟁당국이 제시한 조건부 승인의 선행 조건을 모두 충족시켰다. EU 경쟁당국(EC·European Commission)은 28일 대한항공과 아시아나항공의 결합을 위한 선결 요건을 모두 ‘충족’해 심사를 종결한다고 발표했다. EU 경쟁당국은 올해 2월 조건부 승인... ,3주 전
항공 빅2 합병 연내 마무리…세계 10위 항공사 날개 편다[대한항공-아시...,http://www.fnnews.com/news/202411282048083808, 대한항공이 아시아나항공과의 합병을 매듭짓고 세계 10위권 수송 규모의 '메가캐리어(초대형 항공사)'로 날아올랐다. 합병의 마지막 관문이던... EC는 27일(현지시간) 대한항공과 아시아나항공의 결합을 위한 선결 요건이 모두 '충족'돼 심사를 종결한다고 발표했다. 이로써 대한항공은 여객 수송 규모 기준... ,1면 1단
"대한항공-아시아나항공 합병, 최종 고비 넘었다…4년 노력 결실",https://www.moneys.co.kr/article/2024112822340516068," 4년간 이어온 대한항공과 아시아나항공의 기업결합 심사가 마무리됐다. 대한항공은 아시아나항공을 자회사로 편입, 올해 안에 최종적으로 합병을 마무리할 계획이다. EU 경쟁당국(European Commission·EC)은 27일(현지시각) 대한항공과 아시아나항공의 결합 관련 선결 요건이 완전히 충족돼 심사를 종료한다고... ",3주 전
"EU, 대한항공·아시아나 합병 최종 승인…미 법무부 보고",https://news.jtbc.co.kr/article/NB12225029?influxDiv=NAVER, 유럽연합이 대한항공과 아시아나항공의 합병을 최종 승인했습니다. 유럽 여객 노선의 이관을 긍정적으로 판단한 데 이어 아시아나항공 화물사업 매각도 요건을 충족했다고 판단한 겁니다. 대한항공은 이번 최종 승인 내용을 미국 법무부에 보고했습니다. 이후 미국 법무부가 독과점 소송을 제기하지 않으면... ,3주 전
"대한항공·아시아나 통합, 앞날은?…세계 1∼5위도 합병으로 성장",https://biz.heraldcorp.com/article/10005997?ref=naver, [대한항공 제공] [헤럴드경제=김영철 기자] 대한항공과 아시아나항공의 기업결합이 28일(현지시간) 유럽연합 집행위원회의 최종 승인으로 마무리... 이런 선례를 따라 대한항공도 아시아나항공을 품고 10위권 항공사로 발돋움할 전망이다. 항공업계에 따르면 글로벌 항공사 간 인수합병은 2000년대 이후... ,4주 전
메가캐리어 시대…대한항공이 경쟁할 공룡들은,https://view.asiae.co.kr/article/2024112912194485350," 아시아나항공 인수로 세계 10위권 ‘메가캐리어(초대형항공사)’로 떠오른 대한항공의 경쟁상대는 미국 3대 항공사를 비롯해 아랍에미리트(UAE)의... 대한항공은 314억400만㎞, 아시아나항공은 184억5100만㎞로 각각 47위, 79위에 그쳤지만 두 회사를 더하면 순위는 30위권으로 진입한다. 화물 부문에서는... ",16면 1단
"[특징주]'4년만에 합병 마무리' 대한항공·아시아나항공, 동반 약세",https://view.asiae.co.kr/article/2024112909212020680, 4년만에 합병을 마무리하게 된 대한항공과 아시아나항공이 장 초반 동반 약세다. 29일 오전 9시10분 현재 대한항공은 전일 대비 1150원(4.52%) 하락한 2만4300원에 거래되고 있다. 개장 직후 2만6000원까지 오르며 52주 신고가를 기록한 후 하락 전환했다. 아시아나항공은 230원(2.09%) 하락한 1만760원을... ,3주 전
‘합병 마무리’ 대한항공·아시아나 하락…증권가에서는 목표주가 올려,https://www.mk.co.kr/article/11181409, 재료 소멸에 주가 꺾여 대한항공우 ‘나 홀로 상승’ 대한항공과 아시아나항공의 합병이 마무리 단계에 접어들면서 재료가 소멸하자 주가가 하락하고... 같은 시간 대한항공우는 0.82% 상승하고 있고 아시아나항공은 1.64%의 하락률을 나타내는 중이다. 지난 4년여간 이어진 합병 절차가 마무리 수순을 밟자... ,3주 전
"대한항공-아시아나항공, EU 경쟁당국 최종 승인",https://www.cjb.co.kr/home/sub.php?menukey=61&mod=view&P_NO=241128511&PRO_CODE=99, EC(유럽연합 집행위원회)가 대한항공과 아시아나항공의 기업결합 심사에 대해 최종 승인을 내렸습니다. 지난 2021년부터 시작한 합병 과정이 4년 만에 사실상 모두 종료되면서 양사는 글로벌 10위권의 '메가 캐리어'로 거듭나게 됐습니다. EC는 28일(현지시간) 대한항공과 아시아나항공의 결합을 위한 선결... ,4주 전
"아시아나, 체코 직항 띄운다…우즈베크 노선엔 LCC도 내년 취항",https://www.yna.co.kr/view/AKR20241128051300003?input=1195m," 국내 공항에서 체코를 잇는 노선의 운수권은 아시아나항공에 주 3회가 새로 배분됐다. 이 노선의 운수권은 1998년 이래 주 4회로 유지돼 왔다가 지난 7월 양국 항공회담에서 주 7회로 늘었다. 이 중 4회는 대한항공이 계속 운항하고, 나머지 3회는 아시아나항공이 항공편을 투입하게 됐다. 우즈베키스탄(인천... ",4주 전
"에어인천, 아시아나 화물 인수 확정…""새 항공물류 시대 열 것""",http://www.edaily.co.kr/news/newspath.asp?newsid=03191446639090640, 28일 유럽연합(EU) 집행위원회(EC)가 대한항공과 아시아나항공의 기업결합을 최종 승인함에 따라 에어인천의 아시아나항공 화물사업부 인수가 공식화했다. 화물 전문 항공사 에어인천은 “내년 7월 통합 운항을 목표로 에어인천은 해외 인허가 관련 투자 등 마무리 작업에 박차를 가하고 있다”고 29일 밝혔다.... ,3주 전
"""아시아나 마일리지, 대한항공 전환될까?"" 합병에 달라지는 것",http://www.edaily.co.kr/news/newspath.asp?newsid=04414886639090312," 유럽연합 집행위원회(EC)가 28일(현지시간) 대한항공-아시아나항공 기업결합을 최종 승인하면서 향후 양사의 항공 마일리지 및 조직 등 통합 방식에 이목이 쏠리고 있다. 대한항공은 다음 달 20일까지 1조5000억원의 인수대금 중 남은 8000억원을 납입하고 거래를 종결, 아시아나항공을 자회사로 편입한다. 이후 2년... ",4주 전
"EU 경쟁당국, 대한항공-아시아나 결합 최종 승인…“합병 마무리 수순”",https://news.kbs.co.kr/news/pc/view/view.do?ncd=8117933&ref=A," 대한항공과 아시아나항공의 기업 결합이 EU 경쟁당국의 최종 승인을 얻어냈습니다. 사실상 마지막 관문으로 꼽힌 단계였던 만큼, 4년간 진행돼 온 양사의 합병 절차도 마무리 수순에 접어들었다는 평가입니다. 대한항공에 따르면 EU 경쟁당국, EC(European Commision)는 현지시각 11월 28일 대한항공과 아시아나... ",4주 전
통합 대한항공·아시아나 앞날은…세계 1∼5위도 합병으로 성장,https://www.yna.co.kr/view/AKR20241128156900003?input=1195m, 대한항공과 아시아나항공의 기업결합이 28일(현지시간) 유럽연합(EU) 집행위원회의 최종 승인으로 마무리 수순에 접어든 가운데 글로벌 항공사 간... 이런 선례를 따라 대한항공도 아시아나항공을 품고 10위권 항공사로 발돋움할 전망이다. 항공업계에 따르면 글로벌 항공사 간 인수합병은 2000년대 이후... ,4주 전
"EU, 대한항공-아시아나 기업결합 최종 승인",https://www.newspim.com/news/view/20241129000754, 29일 오후 서울 강서구 김포국제공항에서 대한항공-아시아나항공 항공편들이 이착륙을 하고 있다. 28일 유럽연합 집행위원회에 대한항공-아시아나항공 합병을 최종 승인을 받은 대한항공 측은 마지막 남은 기업결합 심사국인 미국 법무부에 승인 내용을 보고하고 올해 안으로 합병 절차를... ,3주 전
"EC, 대한항공‧아시아나 기업결합 최종 승인…“다음달 합병 마무리”",https://www.kukinews.com/article/view/kuk202411290002, 대한항공과 아시아나항공의 기업결합을 최종 승인했다. 사실상 합병의 마지막 관문으로 불리던 유럽연합(EU) 경쟁당국의 심사를 넘어서면서 2020년 11월 시작된 두 기업의 기업결합 절차가 초읽기에 들어갔다. 29일 항공업계에 따르면 EC는 전날 오후 보도자료를 통해 ‘대한항공이 아시아나항공과의... ,3주 전
"EU, 대한항공-아시아나 기업 결합 최종 승인",https://news.tvchosun.com/site/data/html_dir/2024/11/28/2024112890257.html," 대한항공과 아시아나항공 간 기업결합의 마지막 관문인 유럽연합(EU) 집행위원회의 최종 승인이 나왔다. 28일(현지시간) 대한항공에 따르면 EU... EU 당국은 지난 2월 두 항공상의 기업결합에 대해 유럽 4개 중복노선에 대한 신규 진입 항공사의 안정적 운항, 아시아나항공 화물기사업 매수자 승인 절차를 최종... ",3주 전
"EU집행위, 대한항공-아시아나항공 기업결합 최종승인",https://imnews.imbc.com/news/2024/econo/article/6660992_36452.html, 유럽연합(EU) 집행위원회가 대한항공과 아시아나항공의 결합을 최종 승인했습니다. EU 집행위는 현지시간 28일 두 항공사의 기업결합을 위한 선결 요건이... 대한항공은 다음 달 중 아시아나항공과의 기업결합 절차를 마무리하고 아시아나항공을 자회사로 편입할 계획으로 이후 2년간 독립 운영 기간을 두고... ,3주 전
"대한항공-아시아나, 4년 합병 여정 종지부…'메가캐리어' 탄생(종합)",https://www.newsis.com/view/NISX20241128_0002976959, EC(유럽연합 집행위원회)가 대한항공과 아시아나항공의 기업결합 심사에 대해 최종 승인을 내렸다. 지난 2021년부터 시작한 합병 과정이 4년 만에 사실상 모두 종료되면서 양사는 글로벌 10위권의 '메가 캐리어'로 거듭나게 됐다. EC는 28일(현지시간) 대한항공과 아시아나항공의 결합을 위한 선결 요건이 모두... ,4주 전
대한항공-아시아나 합병 '초읽기'… 세계 7위 메가 캐리어 탄생한다,https://biz.newdaily.co.kr/site/data/html/2024/11/28/2024112800089.html," 뉴데일리 김재홍 기자 = 4년 동안 진행된 대한항공-아시아나항공 간 합병이 마무리 수순에 들어갔다. 양사 기업결합으로 세계 7위 ‘메가 캐리어(초대형... 앞서 대한항공은 2020년 11월 아시아나항공 인수를 추진했고, 14개국에 기업결합을 신고했다. 올해 1월까지 12개국에서 승인을 받았고 EC는 올해 2월... ",4주 전
최종관문 넘은 ‘대한항공+아시아나’… 마일리지 통합 등 ‘숙제’,https://www.munhwa.com/news/view.html?no=2024112901071407024001, ■ 내달 20일까지 자회사 편입 중복인력 재교육 통해 재배치 독과점 따른 운임상승 우려도 유럽연합 집행위원회(EC)가 대한항공과 아시아나항공의... 29일 업계에 따르면 EC는 28일(현지시간) “대한항공과 아시아나항공의 결합을 위한 선결 요건이 모두 충족돼 심사를 종결한다”고 발표했다. 이로써 대한항공은... ,14면 1단
아시아나도 12월 제주행 ‘마일리지 항공편’ 오픈,https://www.khan.co.kr/article/202411261111001, 대한항공에 이어 아시아나항공이 마일리지로 예매할 수 있는 제주행 항공편을 오픈한다. 올해 말 소멸을 앞둔 마일리지를 사용할 곳이 없다는 소비자 불만이 증폭되자 내놓은 대책이다. 아시아나항공은 오는 27일 오전 9시부터 ‘제주 해피 마일리지 위크’ 프로모션을 연다고 26일 밝혔다. 이... ,2024.11.26.
"EC, 대한항공·아시아나 합병 최종 승인...연내 가시화",https://www.ytn.co.kr/_ln/0102_202411282254375271," 대한항공·아시아나항공 합병이 최종 관문을 넘어섰습니다. 유럽연합 집행위원회의 최종 승인이 이뤄진 건데 사실상 합병 절차가 마무리되면서 두 항공사 합병으로 인한 기대와 우려가 공존하고 있습니다. 최두희 기자입니다. [기자] 유럽연합 집행위원회, EC가 대한항공과 아시아나항공 합병을 최종... ",3주 전
"'합병 임박' 대한항공·아시아나 주가, 희비 엇갈려",https://www.sisajournal.com/news/articleView.html?idxno=316473, 대한항공 상승세…아시아나는 상승폭 키우다 반락 유럽연합(EU) 집행위원회의 최종 승인으로 기업결합의 마지막 관문을 거의 통과한 대한항공과 아시아나항공의 주가가 엇갈린 흐름을 보이고 있다. 29일 대한항공은 전날보다 1.96% 오른 2만5950원으로 거래를 마쳤다. 대한항공은 개장 직후 2.16% 오른... ,3주 전
"EU집행위, 대한항공-아시아나항공 기업결합 최종승인",https://www.daejonilbo.com/news/articleView.html?idxno=2169745, 유럽연합(EU) 집행위원회는 28일(현지시간) 대한항공과 아시아나항공의 결합을 최종 승인했다. EU 집행위에 따르면 이날 두 항공사의 기업결합을 위한 선결 요건이 모두 총족돼 심사를 종결한다고 발표했다. ,4주 전
"EU, 대한항공·아시아나 합병 최종승인",http://www.kookje.co.kr/news2011/asp/newsbody.asp?code=0200&key=20241129.33004008829, 대한항공이 아시아나항공과의 기업 결합을 위해 유럽연합(EU) 경쟁당국이 제시한 조건부 승인의 선행 조건을 모두 충족시켰다. 대한항공과 아시아나항공 기업 결합은 미국 한 곳만 남았다. 미국은 법무부가 소송을 제기하지 않으면 기업결합이 승인된 것으로 간주한다. 28일 대한항공에 따르면 EU 경쟁당국... ,4면 1단
"""대한항공-아시아나 합병 임박""…주가 고공행진",https://www.newsis.com/view/NISX20241127_0002974248, 유럽연합집행위원회(EC)의 대한항공-아시아나항공 기업결합 심사 최종 승인이 임박한 가운데 대한항공 관련주가 연일 고공행진하고 있다. 27일 한국거래소에 따르면 대한항공 주가는 최근 2주간(13~26일) 8.84% 상승했다. 지난 26일에는 2만5450원까지 오르며 52주 신고가를 새로 썼다. 같은 기간 아시아나항공... ,4주 전
"금호건설 아시아나항공 지분 팔아 자금 확보 청신호, 박세창 경영정상화...",https://www.businesspost.co.kr/BP?command=article_view&num=374711, 대한항공의 아시아나항공 합병이 유럽연합 집행위원회(EC) 최종 승인에 따라 사실상 마무리 수순으로 들어서면서 아시아나 항공의 최대 주주인 금호건설의 유동성 확보에도 청신호가 켜졌다. 박세창 금호건설 부회장에게는 아시아나항공 지분을 처분해 확보한 유동성이 그룹 재건을 향하는 데 중요한... ,3주 전
"[1보] EU집행위, 대한항공-아시아나항공 기업결합 최종승인",https://www.yna.co.kr/view/AKR20241128173300003?input=1195m,  ,4주 전
대한항공-아시아나 합병 임박…최종 승인 '초읽기',https://www.newsis.com/view/NISX20241126_0002973309, 지난 2022년부터 시작된 대한항공과 아시아나항공의 합병 과정이 사실상 마지막 단계를 맞고 있다. 양사의 기업결합을 조건부로 승인했던... 27일 업계에 따르면 이달 중 EC가 대한항공과 아시아나항공의 기업결합 심사를 최종 승인할 것으로 예상된다. 현재 EC는 아시아나항공 화물사업부를 인수한 에어인천에... ,4주 전
"아시아나항공, 로마공항서 승객 '방치' 논란",http://www.srtimes.kr/news/articleView.html?idxno=167335," 승객들, 11시간 넘게 공항에 발 묶여 불만 속출 아시아나 ""천재지변이지만 불편 겪은 분께 죄송"" 아시아나항공이 로마 피우미치노 레오나르도 다 빈치 공항에서 항공기가 지연됐지만 승객들에게 적절한 안내나 보상 없이 방치했다는 주장이 나와 논란이 일었다. 29일 제보자에 따르면 지난 28일(현지시간) 로마발... ",3주 전
"EU 경쟁당국, '대한항공-아시아나 합병' 최종 승인",https://weekly.hankooki.com/news/articleView.html?idxno=7100210, 사진=대한항공 대한항공이 아시아나항공과의 기업결합을 위해 EU 경쟁당국이 제시한 조건부 승인의 선행 조건을 모두 충족시켰다. EU 경쟁당국(EC)은 28일(현지시간) 대한항공과 아시아나항공의 결합을 위한 선결 요건이 모두 '충족'돼 심사를 종결한다고 발표했다. 앞서 EU 경쟁당국은 올해 2월 조건부 승인... ,4주 전
"[속보] EC, 대한항공-아시아나 합병 승인…세계 11위 항공사 탄생",https://www.joongang.co.kr/article/25295795, 유럽연합 집행위원회(EC)는 28일(현지시간) 대한항공과 아시아나항공의 합병을 최종 승인했다. EC는 이날 두 항공사의 기업결합을 위한 선결 요건이 모두 충족돼 심사를 종결한다고 발표했다. 이로써 대한항공은 지난 2020년 11월 아시아나항공 인수를 공시한 이후 꼭 4년 만에 합병 과정을 마무리하게 됐다.... ,4주 전
"“대한항공, 아시아나 인수 완료 후 긍정적 영업환경…목표가 22% 상향”",https://www.etoday.co.kr/news/view/2424117," 이투데이=정회인 기자 | 하나증권은 29일 대한항공에 대해 아시아나항공 인수 후 향후 몇 년간 FSC에 긍정적인 영업환경이 이어질 것이라며 투자의견 '매수'를 유지하고, 목표주가를 기존 2만7000원에서 3만3000원으로 22.2% 상향 조정한다고 밝혔다. EC(유럽연합 경쟁당국)은 대한항공과 아시아나항공의... ",3주 전
LCC도 지각변동…진에어 등 통합에 제주항공 2위로[메가캐리어 탄생],https://view.asiae.co.kr/article/2024112815131948860," 국내 저비용항공사(LCC) 업계가 대한항공과 아시아나항공 합병으로 지각변동을 맞이하게 됐다. 양사 계열사인 진에어와 에어서울, 에어부산도... 28일 업계에 따르면 대한항공 자회사인 진에어와 아시아나항공의 자회사인 에어서울, 에어부산의 지난해 총 매출은 2조4785억원이다. 기존 업계 1위인 제주항공의... ",4주 전
아시아나도 제주행 마일리지 항공편 푼다,https://www.munhwa.com/news/view.html?no=2024112601039907024002, 12월 2일~15일 김포↔제주노선 총 56편 대상 마일리지 항공권 최대 공급 아시아나항공은 오는 27일 오전 9시부터 ‘제주 해피 마일리지 위크’... 아시아나항공은 이들 좌석 공급을 통해 아시아나클럽 회원의 마일리지 소진 기회를 최대한 제공한다는 방침이다. 아시아나항공은 마일리지로 각종 제휴... ,2024.11.26.
대한항공-아시아나 기업결합 마무리…주가 향방은,https://www.cstimes.com/news/articleView.html?idxno=622014, 컨슈머타임스=전은정 기자 | 대한항공이 아시아나항공과의 기업결합을 위해 유럽연합(EU) 경쟁당국이 제시한 조건부 승인의 선행 조건을 모두... 아시아나항공은 1.09% 내린 1만870원이다. 이는 두 회사의 기업결합에 대한 모멘텀(상승동력)이 소멸되면서 차익 실현 매물이 쏟아지는 것으로 풀이된다. EU... ,3주 전
"[속보] EC, 대한항공-아시아나항공 기업결합 최종승인",https://www.mk.co.kr/article/11180850, 유럽연합 집행위원회(EC)는 28일(현지시간) 대한항공과 아시아나항공의 결합을 최종 승인했다. 이에 따라 양사 간 합병 절차가 4년 만에 마무리된다. 대한항공은 내달 아시아나항공과의 기업결합 절차를 최종 완료하고 아시아나항공을 자회사로 편입한다는 계획이다. EC는 두 항공사의 기업결합을 위한 선결... ,4주 전
대한항공-아시아나 '메가캐리어' 탄생 임박…남은 통합 과제는,https://news.mtn.co.kr/news-detail/2024112916413115225," 대한항공의 아시아나항공 인수 최대 걸림돌로 꼽혔던 유럽연합 경쟁당국이 기업결합을 승인하면서 세계 10위권 메가캐리어(초대형 항공사) 탄생을 눈... 넘기고, 아시아나항공 화물사업부를 에어인천에 매각했습니다.대한항공은 다음달 20일 신주 인수를 통해 아시아나항공 지분 63.9%를 확보한 뒤 자회사로... ",3주 전
길었던 대한항공 기업결합 마무리…'난제' 아시아나 마일리지 어떻게,https://www.news1.kr/industry/general-industry/5615021, 대한항공(003490)의 아시아나항공(020560) 인수를 위한 기업결합 심사가 28일 유럽연합 집행위원회(EC)를 통과함에 따라 내달 주식 매수를 끝으로 양사 간 합병 절차가 4년 만에 마무리된다. 합병 이후에도 앞으로 2년간 아시아나항공은 대한항공의 자회사로 운영된다. 이 기간 조직문화 통합을 위해 인력 교류는... ,4주 전
"대한항공, 기업결합심사 EU 경쟁당국 최종 승인… 내달 20일까지 아시아...",https://www.donga.com/news/Economy/article/all/20241128/130530484/1," 유럽연합 경쟁당국이 대한항공과 아시아나항공의 기업결합을 최종 승인했다. 대한항공이 EU 경쟁당국이 제시한 조건부 승인 선행조건을 모두 충족시켰기 때문이다. EU 경쟁당국(EC, European Commission)은 28일(현지시간) 대한항공과 아시아나항공의 통합을 위한 선결요건이 모두 충족돼 심사를 종결한다고... ",3주 전
"대한항공·아시아나항공 주가 하락...EU, 기업결합 최종 승인",https://www.gukjenews.com/news/articleView.html?idxno=3147506," 29일 오전 9시 27분 기준 대한항공은 2.95%(750원) 하락한 2만 4700원에 ,아시아나항공은 1.91%(210원) 하락한 1만 780원에 거래 중이다. 28일(현지시간) 대한항공과 아시아나항공 합병의 최종 관문으로 꼽혔던 유럽연합집행위원회, EC가 두 항공사의 기업결합을 최종 승인했다. EC는 이날 대한항공과... ",3주 전
"대한항공·아시아나 합병, EU 경쟁당국 최종 승인",https://www.ichannela.com/news/main/news_detailPage.do?publishId=000000447515," 대한항공과 아시아나항공의 기업결합에 대한 EU 경쟁당국의 심사가 최종 승인됐습니다. 4년에 걸친 양사의 결합심사가 마무리되고, 합병 작업에 속도를 낼 계획입니다. 대한항공에 따르면 EU 경쟁당국(European Commission·EC)은 현지시간 28일 대한항공과 아시아나항공의 결합을 위한 선결 요건이 모두... ",4주 전
유럽서 대한항공-아시아나 기업결합 최종승인…내달 합병 마무리,https://www.hankyung.com/article/2024112821557, 대한항공과 아시아나항공 간 기업결합에 대한 유럽연합(EU) 집행위원회의 최종 승인이 완료됐다. 두 기업의 합병 절차도 마무리 수순에 들어갈 전망이다. 28일 항공업계에 따르면 EU 집행위원회는 이날 두 항공사의 기업결합을 위한 선결 요건이 모두 충족돼 심사를 종결한다고 발표했다. 대한항공과 아시아나... ,3주 전
"""마일리지로 제주도 가요""…아시아나항공, 항공편 56편 푼다",http://www.edaily.co.kr/news/newspath.asp?newsid=02296006639089656, 아시아나항공이 다음 달 2주 동안 마일리지 좌석을 유상좌석과 동일하게 오픈하는 항공편을 운영한다. 아시아나항공은 27일 오전 9시부터 ‘제주 해피 마일리지 위크’ 프로모션을 통해 12월 2~15일까지 총 56편 대상 항공편에서 마일리지 좌석을 최대로 공급한다. 아시아나항공 A321NEO 항공기. 매일 김포... ,2024.11.26.
"[특징주] 대한항공·아시아나항공, 기업결합 승인 소식에 약세",https://www.etoday.co.kr/news/view/2424190," 이투데이=손민지 기자 | 대한항공은 29일 오전 9시 40분 기준 전 거래일보다 2.16%(550원) 내린 2만4900원에, 아시아나항공은 1.27%(140원) 내린 1만850원에 거래 중이다. 유럽연합 집행위원회(EC)가 대한항공과 아시아나항공의 기업결합을 최종 승인하면서 호재성 이슈가 소멸한 영향으로 풀이된다. ",3주 전
"EU, 대한항공·아시아나항공 기업결합 승인…“다음달 합병 마무리”",https://www.khan.co.kr/article/202411281905001, 대한항공과 아시아나항공의 통합 항공사 출범이 마침내 가시화됐다. 기업결합을 추진한 지 4년 만이다 대한항공은 28일 유럽연합 집행위원회(EC)가 대한항공과 아시아나항공의 기업결합을 위한 선결 요건이 모두 충족됐다고 판단해 심사를 종결했다고 밝혔다. 이로써 2021년 1월 기업결합을 신고한 14개 ‘필수... ,3주 전
"대한항공-아시아나 기업결합, EU 최종 승인…내달 합병 마무리",https://www.cstimes.com/news/articleView.html?idxno=621970, 대한항공과 아시아나항공 항공기 컨슈머타임스=강나연 기자 | 지난 4년간 진행된 대한항공과 아시아나 항공 간 기업 결합 절차가 유럽연합(EU) 집행위원회의 최종 승인을 받으면서 사실상 마무리 됐다. EU 집행위원회는 28일(현지시간) 오후 보도자료를 통해 대한항공이 아시아나항공 화물사업 부문 매각의... ,3주 전
"대한항공-아시아나항공 합병, EU 최종 승인…내달 완료 예정",http://www.newsroad.co.kr/news/articleView.html?idxno=32930, 대한항공과 아시아나항공의 기업결합이 유럽연합 집행위원회(EC)의 최종 승인을 받았다. 2020년 11월부터 시작된 두 항공사의 합병 절차는 내달 대한항공이 아시아나항공의 신주 인수를 마치면 마무리될 예정이다. 이번 승인은 대한항공이 아시아나와의 합병을 위해 EU가 제시한 조건을 모두 충족시켰음을... ,3주 전
"아시아나항공, 마일리지 항공편 56편 푼다",https://www.dailian.co.kr/news/view/1433395/?sc=Naver, 아시아나항공은 12월 2주 동안 마일리지 좌석을 유상좌석과 동일하게 오픈하는 항공편을 운영한다고 26일 밝혔다. 아시아나항공은 오는 27일 오전 9시부터 ‘제주 해피 마일리지 위크’ 프로모션을 통해 내달 2일부터 15일까지 총 56편 대상 항공편에서 마일리지 좌석을 최대 공급한다. 매일 ▲김포... ,2024.11.26.
"대한항공·아시아나 합병 초읽기…“시장 재편에 재평가 기회, ‘비중 ...",https://biz.heraldcorp.com/article/10004760?ref=naver, 인천국제공항 전망대에서 바라본 공항 계류장 내 대한항공과 아시아나항공 항공기 모습. [뉴시스] 지난 2022년부터 시작된 대한항공과 아시아나항공의 합병 과정이 사실상 최종 단계를 향하고 있다. 이에 국내 증권가에선 항공 시장 재편이 업종에 대한 재평가를 받을 기회로 본다며 ‘비중 확대’ 투자 의견이... ,4주 전
"대한항공, 아시아나 기엽결합 EU 최종 승인",http://www.m-i.kr/news/articleView.html?idxno=1184036, 사진=대한항공 제공 매일일보 = 박지성 기자 | 대한항공이 아시아나항공과의 기업결합을 위해 유럽연합(EU) 경쟁당국이 제시한 조건부 승인의 선행 조건을 모두 충족시켰다. EU 경쟁당국(EC)은 28일 대한항공과 아시아나항공의 결합을 위한 선결 요건이 모두 '충족'돼 심사를 종결한다고 발표했다. EU... ,4주 전
‘기업결합 최종승인’ 대한항공·아시아나 주가 동반 약세 [특징주],https://biz.heraldcorp.com/article/10006232?ref=naver, 대한항공과 아시아나항공이 유럽연합(EU) 집행위원회의 최종 승인으로 기업결합의 마지막 관문을 넘었으나 29일 장 초반 주가는 동반 약세를 보이고... 아시아나항공도 1.46% 내린 1만830원을 나타내고 있다. 개장과 함께 4.91%까지 상승 폭을 키우다 반락해 하락하고 있다. 증권가에선 이번 결정으로... ,3주 전
대한항공-아시아나 합병…'경쟁력확보·우려해소' 나선다,https://www.ebn.co.kr/news/articleView.html?idxno=1644554, 대한항공은 지난 28일 EC로부터 아시아나항공과 기업결합을 위한 선결 요건이 모두 '충족'돼 심사 종결 결과를 받았다고 전했다. 양사 합병의 승인 조건으로 내걸었던 유럽 4개 여객 노선 이관과 아시아나항공 화물사업부 매각을 충족했다는 판단이다. 미국 경쟁당국인 미국 법무부(DOJ)에 EC의 최종 승인 내용을... ,3주 전
마일리지 민원에... 대한항공·아시아나가 '이 노선' 특별기 투입,https://www.wikitree.co.kr/articles/1004237, 27일 항공업계에 따르면 대한항공과 아시아나항공은 연말연시를 맞아 마일리지 전용 항공편을 마련하기로 했다. 대한항공은 12월 28일부터 내년 1월 1일까지 3일간 A220-300 기종(140석 규모)을 투입해 김포-제주 노선에 마일리지 우선 발권이 가능한 특별기를 운항한다.아시아나항공은 더욱 과감한 프로모션을... ,4주 전
"“대한항공, 아시아나 결합 승인 임박… 투자전망 밝다”",http://www.segye.com/newsView/20241127507072?OutUrl=naver, 대한항공의 아시아나항공 기업결합 승인이 임박하면서 증권가가 항공업계에 대한 투자 비중을 확대할 것을 조언하고 있다. 한국투자증권은 27일 보고서에서 “대한항공의 아시아나항공 기업결합 승인이 임박했는데 항공 시장 변화에 주목할 시점”이라며 업종에 대한 재평가를 받을 기회가 될 것이기... ,4주 전
"대한항공-아시아나 합병 확정…EU 경쟁당국, 심사 종결",https://www.dt.co.kr/contents.html?article_no=2024112902100151057001&ref=naver, 대한항공과 아시아나항공의 기업결합 심사에 대해 최종 승인을 내렸다. 지난 2021년부터 시작한 합병 과정이 4년 만에 사실상 모두 종료되면서 양사는 글로벌 10위권 '메가 캐리어'로 거듭나게 됐다. EC는 28일대한항공과 아시아나항공의 결합을 위한 선결 요건이 모두 '충족'돼 심사를 종결한다고... ,1면 1단
"유럽연합 경쟁당국, 대한항공-아시아나 합병 최종 승인",https://www.kyeongin.com/article/1720367?ref=naver, 유럽연합 경쟁당국이 대한항공과 아시아나의 합병을 최종 승인했다. /경인일보 DB 유럽연합 경쟁당국(EC)이 대한항공과 아시아나항공의 합병을 최종 승인했다. 이에 따라 4년 동안 진행된 양사의 합병 절차가 마무리 단계에 접어들게 됐다. 28일 대한항공에 따르면 EC는 이날 대한항공과 아시아나항공의... ,4주 전
"아시아나IDT 주가 장중 약세, 대한항공-아시아나 합병에 차익실현 매물...",https://www.businesspost.co.kr/BP?command=article_view&num=374688, 아시아나IDT 주가가 장중 약세를 보이고 있다. 29일 오전 10시19분 코스피시장에서 아시아나IDT 주식은 전날보다 14.38%(2970원) 내린 1만7680원에 거래되고 있다. 아시아나IDT 주가가 29일 오전 장중 큰 폭으로 내리고 있다. 주가는 3.63%(750원) 오른 2만1400원에 장을 출발했지만 바로 내림세로 돌아서... ,3주 전
"EU, 대한항공-아시아나 결합 승인..통합LCC 본격화",https://busanmbc.co.kr/01_new/new01_view.asp?idx=269744," (28)대한항공과 아시아나 항공의 기업결합을최종 승인하면서 4년 간 이어져 온 합병 절차가사실상 마무리됐습니다.항공업계에선 이번 결정에 따라다음달 중 미국 법무부 심사를 거쳐기업 합병이 마무리될 것으로 예상하는 가운데, 통합LCC 본사 위치와 아시아나 산하에 있는 에어부산의 거취 문제 논의도... ",3주 전
대한항공-아시아나 통합 EU 승인…연내 합병 ‘초읽기’,https://www.dnews.co.kr/uhtml/view.jsp?idxno=202411281830310780642, 여객ㆍ화물부문 선결조건 충족…미국 당국 보고 후 12월 종결 계획 대한항공이 아시아나항공과의 통합을 위한 EU 경쟁당국의 모든 선결조건을 충족하며 4년간의 기업결합이 마무리 수순에 들어갔다. EU 경쟁당국(EC)은 27일(현지시간) 대한항공-아시아나항공 기업결합을 위한 선결요건이 모두 충족돼 심사를... ,4주 전
[자막뉴스] 대한항공·아시아나 합병 '코앞'...'초대형 항공사' 탄생,https://www.ytn.co.kr/_ln/0134_202411290928414132," 유럽연합 집행위원회, EC가 대한항공과 아시아나항공 합병을 최종 승인했습니다. 유럽 4개 노선의 여객 이관 요건이 충족됐다고 판단한 데 이어 이번엔 아시아나항공의 화물사업 매각 요건까지 충족했다고 판단한 겁니다. 대한항공 측은 미국 법무부에 EC의 최종 승인 내용을 보고했다며, 올해 안에 최종... ",3주 전
"""마일리지 쓰고 싶어도 못 써"" 불만에 아시아나항공, 마일리지 항공편 ...",https://www.hankyung.com/article/202411264401g, 아시아나항공이 연말을 앞두고 마일리지 사용이 어렵다는 고객들의 불편 해소를 위해 12월 2주 동안 마일리지 좌석을 유상좌석과 동일하게 오픈하는 항공편을 운영한다. 아시아나항공은 27일 오전 9시부터 ‘제주 해피 마일리지 위크’ 프로모션을 통해 12월 2일부터 15일까지 총 56편 대상 항공편에서... ,2024.11.26.
"아시아나, 체코 직항 띄운다…우즈베크 노선엔 LCC도 내년 취항",https://www.munhwa.com/news/view.html?no=2024112801039905015006," 국내 공항에서 체코를 잇는 노선의 운수권은 아시아나항공에 주 3회가 새로 배분됐다. 이 노선의 운수권은 1998년 이래 주 4회로 유지돼 왔다가 지난 7월 양국 항공회담에서 주 7회로 늘었다. 이 중 4회는 대한항공이 계속 운항하고, 나머지 3회는 아시아나항공이 항공편을 투입하게 됐다. 우즈베키스탄(인천... ",4주 전
"EU, 대한항공-아시아나 기업결합 '최종 승인'",http://www.newstomato.com/ReadNews.aspx?no=1246514&inflow=N, 뉴스토마토 = 임유진 기자 | 대한항공이 아시아나 인수를 위한 유럽 승인을 얻어 미국 승인만 남겼습니다. 미국 승인도 조만간 이뤄질 것이란 전망이 나오는 터라 통합까지 코앞입니다. 유럽연합(EU)의 기업결합을 담당하는 유럽집행위원회(EC)가 28일(현지시간) 대한항공과 아시아나항공의 기업결합을 최종... ,3주 전
"'메가 캐리어' 탄생 임박…EC, 대한항공·아시아나항공 기업결합 최종 ...",http://news.mt.co.kr/mtview.php?no=2024112818074494508," 'EU 집행위원회(EC)'가 대한항공과 아시아나항공의 기업결합을 최종 승인했다. EC는 28일(현지시간) 대한항공과 아시아나항공의 결합을 위한 선결 요건이 모두 '충족'돼 심사를 종결한다고 밝혔다. 앞서 EC는 지난 2월 양사의 기업결합을 조건부로 승인하며 △유럽 4개 중복노선(파리, 프랑크푸르트... ",4주 전
"'LCC 왕좌' 노리는 제주·티웨이, 생존 위한 합종연횡 서두른다",https://www.hankyung.com/article/2024112818931, 대한항공과 아시아나항공의 합병은 한국을 대표하는 대형항공사(FSC) 출범에 그치지 않는다. 두 회사 자회사인 진에어 에어부산 에어서울 등 세 개 저비용항공사(LCC) 또한 통합 운영하는 만큼 ‘메가 LCC’도 탄생시키기 때문이다. 28일 항공업계에 따르면 대한항공은 아시아나항공과 합병한 뒤 차례로... ,A4면 1단
대한항공-아시아나 합병 승인에도 항공株 ‘주춤’…전문가 “상승 모멘...,https://biz.newdaily.co.kr/site/data/html/2024/11/29/2024112900061.html," 뉴데일리 전한신 기자 = 대한항공이 아시아나항공과의 합병을 위한 유럽연합(EU) 경쟁당국(European Commission·EC)의 심사를 통과했지만, 국내 항공... 지수 구성 종목 가운데 항공주별로 살펴보면 아시아나항공은 개장 직후 5% 상승했으며 ▲티웨이항공(3.99%) ▲진에어(2.75%) ▲에어부산(2.62%) ▲대한항공(2.16... ",3주 전
"국제선 정시성, 대한항공·아시아나 B등급… 에어서울 D등급 추락",https://biz.chosun.com/policy/policy_sub/2024/11/26/N6AWWMAJ7ZGIZMSQMAHIDA6LPU/?utm_source=naver&utm_medium=original&utm_campaign=biz, 대한항공과 아시아나항공이 올해 상반기 국제선 정시성 평가에서 B등급을 기록했다. 에어서울은 국제선에서 D등급으로 하락해 국적사 중 최하위 평가를... 운항 신뢰성 평가에서 대한항공과 아시아나항공은 국제선에서 B등급을 받았다. 인천공항 혼잡과 중국·동남아 노선 증편이 주요 원인으로 분석됐다. 반면... ,2024.11.26.
"""대한항공, 아시아나항공 합병 후 구조적 성장 기대…목표가↑""-하나증...",https://news.mtn.co.kr/news-detail/2024112908545657110," 하나증권은 29일 대한항공에 대해 아시아나항공과 합병 이후 구조적 성장 가도에 오를 것이라며 목표주가를 3만3000원으로 상향 조정하고, 투자의견 '매수'를 유지했다.유럽연합 경쟁당국(EC)은 대한항공과 아시아나항공의 기업결합을 승인했다. 미국 법무부의 추가 소송제기가 없다면 주요국의 기업결합승인... ",3주 전
"[비즈투데이] EU 경쟁당국, 대한항공-아시아나 기업결합 승인",https://www.obsnews.co.kr/news/articleView.html?idxno=1464227, 대한항공이 아시아나항공과의 기업결합을 위한 EU 경쟁당국이 제시한 조건부 승인의 선행 조건을 모두 충족시켰습니다. EU 경쟁당국은 현지시간 어제 대한항공과 아시아나항공의 결합을 위한 선결 요건이 모두 충족돼 심사를 종결한다고 밝혔습니다. EU 경쟁당국은 올해 2월 조건부 승인 결정을 내리면서 유럽... ,3주 전
"금호건설우, 주가 급등…EC ""대한항공·아시아나 합병 최종 승인""",http://www.thebigdata.co.kr/view.php?ud=202411290320029715cd1e7f0bdf_23," 대한항공과 아시아나항공 합병의 최종 관문으로 꼽혔던 유럽연합집행위원회, EC가 두 항공사의 기업결합을 최종 승인하면서 4년간 이어온 합병이 사실상 완료 단계를 맞았다. EC는 이날 홈페이지를 통해 대한항공과 아시아나항공 결합을 위한 선결 요건이 모두 충족돼 심사를 종결한다고 발표했다. EC는... ",3주 전
"대한항공-아시아나 통합 LCC 출범...제주항공, M&A 승부수 던질까",https://www.newspim.com/news/view/20241129000664," 대한항공과 아시아나항공의 기업결합이 4년 여정을 마무리하면서 국내 저비용항공사(LCC) 업계에도 지각변동이 예고된다. 양사의 계열 LCC 3사가 '통합 LCC... 29일 항공업계에 따르면 대한항공의 자회사인 진에어와 아시아나항공의 자회사인 에어서울, 에어부산은 통합 LCC로 재탄생한다. 대한항공과... ",3주 전
"EU, 대한항공·아시아나 기업결합 승인…내달 합병 마무리",http://www.yonhapnewstv.co.kr/MYH20241128025500641/?input=1825m, 4년여 간 진행돼 온 대한항공과 아시아나항공 기업 결합 절차가 다음 달 마무리됩니다. 마지막 관문으로 여겨지던 유럽연합 집행위원회가 양사의 합병을 최종 승인했기 때문입니다. 김동욱 기자입니다. [기자] 유럽연합 집행위원회가 대한항공과 아시아나항공의 기업결합 심사를 끝내고 최종 승인을... ,3주 전
"대한항공, EU 문턱 넘어 아시아나 기업결합 확정",http://www.fntimes.com/html/view.php?ud=2024112819011225556febc6baa6_18, 대한항공(회장 조원태)이 아시아나항공과의 기업결합을 위해 EU 경쟁당국이 제시한 조건부 승인의 선행 조건을 모두 충족했다고 28일 밝혔다. EU 경쟁당국(European Commission·EC)은 이날(현지시간) 대한항공과 아시아나항공의 결합을 위한 선결 요건이 모두 ‘충족’돼 심사를 종결한다고 발표했다. EU... ,3주 전
"대한항공-아시아나 결합, 유럽 최종 승인…“연내 합병 마무리”",https://www.etnews.com/20241128000432, 유럽연합 집행위원회(EC)가 대한항공과 아시아나항공의 기업결합을 최종 승인했다. 이로써 4년간 이어온 합병이 사실상 완료 단계를 맞았다. EC는 28일... 운항 △아시아나항공 화물기 사업 매수자 승인 절차를 마무리하기 위한 선행 조건으로 내걸었다. 대한항공은 이를 해결하기 위해 여객 부문 신규 진입... ,4주 전
대한항공·아시아나 합병 4년만에 12월 종결…통합 과제는,http://www.seouleconews.com/news/articleView.html?idxno=80540," 28일 인천국제공항 활주로와 주기장의 대한항공, 아시아나 여객기 모습. 지난 4년여간 이어진 대한항공과 아시아나항공의 기업결합 절차가 28일(현지시간) 유럽연합(EU) 집행위원회의 최종 승인으로 사실상 마무리됐다. 이에 따라 향후 양사의 완전한 통합까지 남은 절차에 관심이 쏠린다. 29일 항공업계에... ",3주 전
"EU, 대한항공-아시아나 기업 결합 승인, 한숨 돌렸다",https://www.socialvalue.kr/news/view/1065571132968968, ▲대한항공과 아시아나항공 항공기/사진=연합뉴스 제공 유럽연합(EU) 집행위원회의가 대한항공과 아시아나항공 간 기업결합을 승인하면서 양사의 합병도 다음달 마무리 될 것으로 보인다. EU 집행위원회는 28일 오후 보도자료를 통해 대한항공이 아시아나항공 화물사업 부문 매각의 우선협상대상자로 선정한... ,3주 전
대한항공·아시아나 합병 마무리…EU 경쟁당국 최종 승인,https://ilyo.co.kr/?ac=article_view&entry_id=482936," 유럽연합 경쟁당국(EC)이 대한항공과 아시아나항공의 합병을 최종 승인했다. EC는 28일 대한항공과 아시아나항공의 결합을 위한 선결 요건이 모두 충족돼 심사를 종결한다고 발표했다. 앞서 EC는 지난 2월 조건부 승인 결정을 내리면서 △유럽 4개 중복노선(파리, 프랑크푸르트, 바르셀로나, 로마)에 대한 신규... ",3주 전
대한항공-아시아나 합병 코앞,https://www.nocutnews.co.kr/news/6252280?utm_source=naver&utm_medium=article&utm_campaign=20241129121324," 29일 인천국제공항 계류장 내 대한항공과 아시아나항공 여객기의 모습이 보이고 있다. 유럽연합 집행위원회가 대한항공과 아시아나항공 간 기업결합을 최종 승인했다. 사실상 마지막 관문까지 넘으면서, 4년에 걸친 양사 합병은 다음 달 마무리될 것으로 보인다. ",3주 전
"아시아나항공, 제주 노선 마일리지 항공편 푼다",https://www.newspim.com/news/view/20241126000706, 아시아나항공이 12월 2주간 운행하는 제주행 항공편의 잔여석을 모두 마일리지로 판매한다고 26일 밝혔다. 아시아나항공에 따르면 마일리지 항공편은 오는 27일 오전 9시부터 진행되는 '제주 해피 마일리지 위크'를 통해 판매된다. 아시아나항공 항공기 [사진=아시아나항공] 다음 달 2일부터 15일까지... ,2024.11.26.
"“대한항공, 목표가↑…아시아나 합병 불확실성 제거” -하나",https://www.itooza.com/common/iview.php?no=2024112909013396741," 유럽연합 경쟁당국(EC)이 아시아나항공과의 기업결합을 승인하면서 불확실성이 제거됐고, 내년 2조원 수준의 영업이익을 유지할 것이란 전망에서다. 전 거래일 종가는 2만5450원이다. 이 증권사 안도현 연구원은 “내년 아시아나항공이 연결 반영된 대한항공 매출액은 26조원, 영업이익은 2조원으로... ",3주 전
"아시아나항공 체코 주 3회, 제주ㆍ티웨이항공 우즈베크 주 4회 신설",https://www.etoday.co.kr/news/view/2423761," 이투데이=세종=곽도흔 기자 | 항공교통심의위원회 운수권 배분 결과…그리스, 유럽 북구 3국 직항 신설 아시아나항공이 인천공항~체코 노선을 주 3회... 중이었으나 아시아나항공에 증대된 주 3회가 배분됐다. 이를 통해 양국의 경제·문화 협력이 확대되며 상호 간 여행 편의가 제고될 것으로 기대된다. 올해... ",4주 전
‘메가 캐리어’ 탄생…대한항공-아시아나 합병 내달 마무리,https://www.sentv.co.kr/article/view/sentv202411290053," 대한항공과 아시아나항공의 기업 결합을 최종 승인했습니다. 4년간 이어져온 두 항공사의 기업결합이 마무리 수순에 접어들었는데요. 두 회사의 물리적 결합까지 끝나면, 대한항공은 세계 10위권의 메가 캐리어로 발돋움할 전망입니다. 이수빈 기잡니다. 대한항공과 아시아나항공 간 기업결합의 사실상... ",3주 전
"EU, 대한항공-아시아나 기업결합 승인… 내달 합병",https://www.newscj.com/news/articleView.html?idxno=3204859, 대한항공과 아시아나항공 간 기업결합이 EC(유럽연합 집행위원회)의 최종 승인을 받으며 4년간 이어진 합병 절차가 사실상 마무리 단계에 접어들었다. 이번 승인으로 대한항공은 세계 10위권의 '메가캐리어'로 도약할 준비를 마쳤다. EC는 28일(현지시간) 대한항공과 아시아나항공의 결합을 위한 선결 요건이... ,3주 전
"“마일리지로 제주도 가세요”…아시아나항공, 제주 마일리지 항공권 푼...",https://biz.heraldcorp.com/article/10004200?ref=naver, 내달 2일~15일 김포↔제주노선 등 총 56편 대상 마일리지 항공권 공급 유상좌석과 동일하게 운영 아시아나항공의 A321NEO 항공기 [아시아나항공 제공] [헤럴드경제=김성우 기자] 아시아나항공(대표이사 원유석)이 내달 2일부터 2주 동안 제주행 마일리지 좌석을 유상좌석과 동일하게 운영한다고 26일... ,2024.11.26.
"대한항공-아시아나항공 합병, EU 최종 승인…'메가캐리어' 탄생 코앞",https://news.mtn.co.kr/news-detail/2024112818504010407, 대한항공과 아시아나항공의 기업결합 심사가 마무리됐다. 대한항공이 지난 2020년 11월 합병 계획을 발표한 지 4년만으로 기업결합이 마무리되면 세계 10위권의 초대형 항공사(메가캐리어)가 탄생하게 된다.대한항공은 28일 아시아나항공과의 기업결합을 위해 EU 경쟁당국이 제시한 조건부 승인의 선행... ,3주 전
대한항공-아시아나 합병 확정…세계 10위권 '메가캐리어' 탄생,https://www.ebn.co.kr/news/articleView.html?idxno=1644478, 유럽연합집행위원회(EC)가 대한항공-아시아나항공 기업결합 심사의 최종 승인을 내렸다. 국내 항공산업에 지각 변동이 예상된다. 대한항공은 28일(현지시간) EC로부터 대한항공과 아시아나항공의 결합을 위한 선결 요건이 모두 '충족'돼 기업결합에 대한 최종 승인을 받았다고 밝혔다. 양사의 통합으로 인한... ,4주 전
"EU 경쟁당국, 대한항공·아시아나 결합 승인…합병 사실상 마무리",https://www.geconomy.co.kr/news/article.html?no=291848, 지이코노미 김대진 기자 | 유럽연합 집행위원회(EC)는 28일(현지 시간) 대한항공과 아시아나항공의 결합을 최종 승인했다. EC는 두 항공사의 기업결합을 위한 선결 요건이 모두 총족돼 심사를 종결한다고 발표했다. 이로써 대한항공과 아시아나항공의 기업결합 심사가 마무리됐다. 대한항공은 미국... ,3주 전
"금호건설, 주가 급등…'대한항공-아시아나 합병' EU 경쟁당국 최종 승인",http://www.thebigdata.co.kr/view.php?ud=202411290321273184cd1e7f0bdf_23," 대한항공과 아시아나항공 합병의 최종 관문으로 꼽혔던 유럽연합집행위원회, EC가 두 항공사의 기업결합을 최종 승인하면서 4년간 이어온 합병이 사실상 완료 단계를 맞았다. EC는 이날 홈페이지를 통해 대한항공과 아시아나항공 결합을 위한 선결 요건이 모두 충족돼 심사를 종결한다고 발표했다. EC는... ",3주 전
"대한항공, 아시아나 품고 세계 11위 등극 눈앞...마일리지 등 논란 여전",http://www.newsworker.co.kr/news/articleView.html?idxno=358169, 대한항공과 아시아나항공까지 2개였던 대한민국 국적기가 앞으로는 대한항공 하나로 통일될 것으로 보인다. 그간 길었던 합병 절차가 28일 유럽 당국의 승인으로 사실상 마무리됐기 때문이다. 소비자들 사이에서는 선택의 폭이 좁아진 것 아니냐는 이야기가 나왔다. 금호그룹은 지난 2018년 자회사 아시아나항... ,3주 전
대한항공·아시아나 합병 종결 눈앞,https://www.nocutnews.co.kr/news/6252279?utm_source=naver&utm_medium=article&utm_campaign=20241129121325," 29일 인천국제공항 계류장 내 대한항공과 아시아나항공 여객기의 모습이 보이고 있다. 유럽연합 집행위원회가 대한항공과 아시아나항공 간 기업결합을 최종 승인했다. 사실상 마지막 관문까지 넘으면서, 4년에 걸친 양사 합병은 다음 달 마무리될 것으로 보인다. ",3주 전
아시아나항공 인수 앞둔 대한항공 '가치 평가' 긍정적,https://www.m-economynews.com/news/article.html?no=48484," '국내유일 FSC' 대한항공, 연간 영업익 2조 전망...목표주가 상향 조정 아시아나 '적자 규모' 감당 가능 수준...대한항공 부채비율도 양호한 편 대한항공과 아시아나항공의 기업결합을 EC(유럽연합 경쟁당국)가 승인하면서 미국 법무부의 추가 소송제기가 없다면 주요국의 기업결합승인 절차가 모두 마무리될... ",3주 전
대한항공-아시아나 합병 '마침표'…'메가 캐리어'로 비상한다,http://news.bizwatch.co.kr/article/industry/2024/11/28/0043, 대한항공이 4년간 이어진 아시아나항공과의 기업결합 여정에 드디어 마침표를 찍게 됐다. 유럽연합(EU)으로부터 기업결합에 대한 최종 승인을 따낸... 승인을 위해서라면… EU 경쟁당국(European Commission·EC)은 28일(현지시간) 대한항공과 아시아나항공의 결합을 위한 선결 요건이 모두 충족돼 심사를... ,3주 전
"아시아나항공, 제주행 마일리지 항공편 푼다",http://www.m-i.kr/news/articleView.html?idxno=1183057, 아시아나항공 A321NEO 항공기. 사진=아시아나 제공 매일일보 = 김명현 기자 | 아시아나항공이 12월 2주간 마일리지 좌석을 유상좌석과 동일하게 오픈하는 항공편을 운영한다고 26일 밝혔다. 아시아나항공은 27일 오전 9시부터 '제주 해피 마일리지 위크' 프로모션을 통해 12월 2일부터 15일까지 총 56편... ,2024.11.26.
"대한항공, 아시아나항공과 합병 마무리에도 주가 4%대 하락",http://www.fieldnews.kr/news/articleView.html?idxno=9589, 대한항공은 아시아나항공과의 합병을 매듭짓고 세계 10위권 수송 규모의 메가캐리어(초대형 항공사) 반열에 들어섰다는 재료에도 불구하고 주가가... EC는 전일 대한항공과 아시아나항공의 결합을 위한 선결 요건이 모두 충족돼 심사를 종결한다고 발표했다. 지난달 말 기준 대한항공 여객기는 135대... ,3주 전
"대한항공-아시아나 합병, EU 경쟁당국 최종 승인...'메가캐리어' 된다",https://kizmom.hankyung.com/news/view.html?aid=202411282207o," 대한항공이 아시아나항공과의 기업결합을 위해 유럽연합(EU) 경쟁당국이 제시한 조건부 승인의 선행 조건을 모두 충족함에 따라, 28일 사실상 인수 작업 마무리 과정에 들어갔다. 대한항공에 따르면 EU 경쟁당국(European Commision)은 이날 대한항공과 아시아나항공의 결합을 위한 선결 조건이 모두 '충족'돼... ",3주 전
"대한항공-아시아나 결합, EU 경쟁당국 최종 승인",https://www.consumuch.com/news/articleView.html?idxno=73635, 대한항공이 아시아나항공과의 기업결합을 위해 EU 경쟁당국이 제시한 조건부 승인의 선행 조건을 모두 충족시켰다. EU 경쟁당국(European Commission·EC)은 현지시간 28일 대한항공과 아시아나항공의 결합을 위한 선결 요건이 모두 '충족'돼 심사를 종결한다고 발표했다. EU 경쟁당국은 올해 2월 조건부... ,3주 전
[기자수첩]우리는 항공권 정가를 모른다,https://view.asiae.co.kr/article/2024112909291287190, 아시아나항공의 기업결합 최종 승인을 내렸다. 2020년 11월 첫 합병 타진 발표 이후 4년간 지난한 과정이 마침내 마무리된 것이다. 대한항공은 국내 유일의 대형항공사(FSC)이자 세계 10위권 초대형 항공사 ‘메가캐리어’가 됐다. 국내 유일한 대형항공사지만 독점은 아니라고 한다. 대한항공과 아시아나항공... ,26면 1단
"[속보] EU 경쟁당국, 대한항공·아시아나 기업결합 최종 승인",https://news.tf.co.kr/read/economy/2156018.htm, 대한항공은 28일 유럽연합 집행위원회가 아시아나항공과의 기업결합을 최종 승인했다고 밝혔다. ,4주 전
"대한항공, 유럽 경쟁당국에서 아시아나항공 기업결합 최종 승인 받아",https://www.businesspost.co.kr/BP?command=article_view&num=374635, 대한항공이 아시아나항공과 기업결합을 위해 유럽연합(EU) 경쟁당국인 집행위원회(EC)가 제시한 조건부 승인의 선행 조건을 모두 충족했다. 유럽연합 집행위원회는 28일(현지시각) 대한항공과 아시아나항공의 결합을 위한 선결 요건이 모두 '충족'돼 심사를 종결한다고 발표했다. 대한항공이 아시아나항공과의... ,3주 전
"아시아나항공, 제주행 마일리지 항공편 4500석 푼다",https://www.mk.co.kr/article/11178307, 내달 2~15일 김포-제주 총 56편 잔여석 마일리지로 결제 가능 아시아나항공이 마일리지로 결제할 수 있는 제주행 항공편을 2주간 운영한다. 대한항공과 합병을 앞두고 쌓인 마일리지를 소진할 방법이 없다는 고객들의 불만이 커지면서 마일리지 사용처 확대에 나선 곳으로 풀이된다. 아시아나항공은 12월 2주간... ,2024.11.26.
양사 마일리지 통합비율 내년 봄 이후 윤곽[대한항공-아시아나 합병 연...,http://www.fnnews.com/news/202411282047184968," 대한항공과 아시아나항공 합병이 마무리됐지만 국민들의 가장 큰 관심사인 '통합 마일리지'는 내년 봄을 넘겨야 윤곽이 드러날 것으로 관측된다.... 28일 대한항공과 아시아나항공의 3·4분기 분기보고서에 따르면 양사의 미사용 마일리지(이연수익)는 각각 2조5542억원, 9819억원으로 총 3조5000억원을 넘어선다.... ",2면 1단
"아시아나 ""12월 김포∼제주 56편서 잔여석 마일리지로 구매 가능""",https://imnews.imbc.com/news/2024/econo/article/6659954_36452.html, 아시아나항공은 내일 오전 9시부터 '제주 해피 마일리지 위크' 프로모션을 통해 다음 달 2부터 15일까지 운항하는 항공편의 잔여석을 마일리지로... 대상 항공편의 잔여 좌석은 현재 약 4천500석으로 아시아나항공은 이들 좌석 공급을 통해 아시아나클럽 회원의 마일리지 소진 기회를 최대한 제공한다는... ,2024.11.26.
"아시아나, 동남아·사이판 노선 환불위약금 올린다",https://biz.sbs.co.kr/article_hub/20000204284?division=NAVER," 아시아나항공이 다음 달부터 동남아시아, 사이판 등 국제선 중거리 노선의 환불 위약금을 인상합니다. 이전보다 최대 11만 원 오르게 되는데요. 신채연... [앵커] 아시아나항공이 이미 한 차례 환불 위약금을 올렸는데, 또 인상에 나섰네요? [기자] 아시아나항공은 지난달 국제선 단거리 노선의 환불 위약금을... ",3주 전
대한항공·아시아나 정시성 B등급…에어서울 '꼴찌',http://www.metroseoul.co.kr/article/20241126500142, -2024년 상반기 항공사 서비스 평가 결과 발표 대한항공·아시아나 정시성 B등급…에어서울 '꼴찌' 202년 상반기 평가 결과. /국토교통부 대한항공과 아시아나항공의 국제선이 정시성 평가에서 B등급을 받았다. 26일 국토교통부에 따르면 올해 상반기 기준 국내외 53개 항공사를 대상으로 운항 신뢰성과 이용자 보호... ,2024.11.26.
"대한항공, 통합 종결 '눈앞'···""아시아나항공 마일리지는?""",http://www.seoulfn.com/news/articleView.html?idxno=540350," 대한항공과 아시아나항공 간 기업결합이 유럽연합집행위원회(EC)의 문턱을 통과함에 따라 4년간의 긴 심사 절차가 마침표를 찍게 됐다. 이제 남은 건 양사를 하나로 묶는 화학적 통합 과정으로, 중점 사항인 아시아나항공 마일리지 대한항공 전환 유무에 대한 시장의 궁금증이 그 어느 때보다 커진 상황이다.... ",3주 전
"EC, 대한항공-아시아나항공 기업결합 승인…“다음달 자회사 편입 마무...",https://www.kukinews.com/article/view/kuk202411290016, 유럽연합 집행위원회(EC)가 대한항공과 아시아나항공과의 합병을 최종 승인했다. 주요국 경쟁당국의 양사 합병 승인 절차가 사실상 마무리된 것이다. 대한항공은 지난 28일(현지시간) EC가 대한항공과 아시아나항공의 결합을 위한 선결 요건이 모두 충족돼 심사를 종결한다고 밝혔다. 대한항공은 이번 최종... ,3주 전
대한항공·아시아나 통합심사 종료…연내 최종 정리,https://www.incheonilbo.com/news/articleView.html?idxno=1272197, 대한항공과 아시아나항공의 통합 심사가 4년의 여정 끝에 마무리됐다. 미국 경쟁당국에 절차를 보고한 대한항공은 아시아나항공을 자회사로 편입해 연내에 기업결합을 최종 정리할 계획이다. 28일 대한항공은 유럽연합 집행위원회(EC)로부터 아시아나항공의 기업결합에 대한 선결 조건을 모두 충족해... ,3주 전
"'메가 캐리어' 탄생…대한항공-아시아나, 합병 절차 마무리",http://www.iminju.net/news/articleView.html?idxno=113342, 민주신문=최경서 기자｜대한항공과 아시아나항공이 글로벌 10위권의 '메가 캐리어'로 거듭나게 됐다. EC(유럽연합 집행위원회)가 양사의 기업결합 심사에 대해 최종 승인을 내린 것. 이로써 지난 2021년부터 시작한 양사 합병 과정이 4년 만에 사실상 모두 종료됐다. EC는 28일(현지시간) 대한항공과 아시아나... ,3주 전
대한항공‧아시아나 합병 승인…세계 10위권 '메가캐리어' 탄생,https://www.pointdaily.co.kr/news/articleView.html?idxno=226777, 대한항공 보잉787-9 항공기 유럽연합(EU) 경쟁 당국인 EU 집행위원회(EC)가 대한항공과 아시아나항공의 기업 결합을 최종 승인했다. 이로써 대한항공은 별다른 이변이 없는 한 인수 공시 4년 만에 공식적으로 아시아나항공을 품을 수 있게 됐다. 오는 2026년 10월 출범이 예상되는 통합 대한항공은 여객부문... ,3주 전
"아시아나 ""마일리지로 제주행 항공편 구매 가능""",http://www.hansbiz.co.kr/news/articleView.html?idxno=722727, 대한항공과 아시아나항공 항공기가 나란히 서있다 / 연합 아시아나항공은 '제주 해피 마일리지 위크' 프로모션을 통해 12월 2∼15일 운항하는 총 56편 대상 항공편의 잔여석을 모두 마일리지로 판매한다고 26일 밝혔다. 27일 오전 9시부터 12월 2∼15일 매일 운항하는 김포발 제주행 2편과 제주발... ,2024.11.26.
"대한항공-아시아나, EU 경쟁당국 최종 승인···합병 종결 임박",https://www.ziksir.com/news/articleView.html?idxno=75835, 대한항공이 아시아나항공과의 기업결합을 위해 EU 경쟁당국이 제시한 조건부 승인의 선행 조건을 모두 충족하며 양사 합병 종결이 임박했다. 28일(현지시간) EU 경쟁당국은 대한항공과 아시아나항공의 결합을 위한 선결 요건이 모두 '충족'돼 심사를 종결한다고 발표했다. 앞서 지난 2월 EU 경쟁당국은 조건부... ,3주 전
"[포토] EC, 대한항공 아시아나 합병 승인",https://view.asiae.co.kr/article/2024112909280276115, 대한항공과 아시아나항공의 기업결합 마지막 관문인 유럽연합 집행위원회(EC)의 최종 승인이 난 가운데 29일 인천 영종도 인천국제공항 활주로와 계류장에 대한항공-아시아나항공 여객기가 대기하고 있다. 지난 2020년부터 시작된 대한항공과 아시아나항공의 합병 작업이 4년 만에 마무리 단계에 들어섰다. ,3주 전
[특징주]대한항공-아시아나항공 합병 승인 소식에…동반 상승 후 약세,https://www.newsway.co.kr/news/view?ud=2024112909355360799," 유럽연합(EU) 집행위원회의 대한항공-아시아나항공 기업결합 합병 최종 승인 소식에 대한항공과 아시아나 주가가 장 초반 상승세를 탔으나, 이후 하락세로 전환하며 약세를 기록 중이다. 29일 한국거래소에 따르면 오전 9시 34분 기준 대한항공은 전 영업일 대비 800원(3.14%) 내린 2만4650원에 거래되고... ",3주 전
"EU, 대한항공·아시아나 기업결합 최종승인…12월 합병 마무리",http://www.m-i.kr/news/articleView.html?idxno=1184042, 대한항공과 아시아나항공의 기업결합 마지막 관문인 유럽연합 집행위원회의 최종 승인이 임박한 가운데 28일 인천 영종도 인천국제공항 활주로와 주기장에 대한항공·아시아나항공 여객기가 보이고 있다. 매일일보 = 최한결 기자 | 대한항공과 아시아나항공 간 기업결합의 마지막 관문인 유럽연합(EU)... ,3주 전
"""美 승인만 남았다"" 대한항공·아시아나 합병, EU경쟁당국 최종 승인",https://www.nbnews.kr/news/articleView.html?idxno=101108, EU 경쟁당국(European Commission·EC)은 현지시간 28일 대한항공과 아시아나항공의 결합을 위한 선결 요건이 모두 '충족'돼 심사를 종결하였다고 발표해 29일 밝혔다. [사진 대한항공] 대한항공이 아시아나항공과의 기업결합을 위해 EU 경쟁당국이 제시한 조건부 승인의 선행 조건을 모두 충족시켰다.... ,3주 전
"아시아나항공, 12월 2~15일 제주도 마일리지 좌석 공급",http://www.breaknews.com/1073603, 브레이크뉴스 최애리 기자= 아시아나항공이 올 12월 2주 동안 마일리지 좌석을 유상좌석과 동일하게 오픈하는 항공편을 운영한다. 아시아나항공은 오는 27일 오전 9시부터 ‘제주 해피 마일리지 위크’ 프로모션을 통해 12월 2일부터... ,2024.11.26.
"에어인천 아시아나항공 화물사업부 인수 본격화, ""글로벌 화물항공사 도...",https://www.businesspost.co.kr/BP?command=article_view&num=374772," 에어인천이 아시아나항공 화물사업 인수를 본격화한다. 에어인천은 29일 언론배포자료를 통해 ""유럽연합(EU) 집행위원회(EC)가 대한항공과 아시아나항공의 기업 결합을 최종 승인함에 따라 에어인천의 아시아나항공 화물사업부 인수가 공식화됐다""며 ""내년 7월1일 통합운항을 목표로 에어인천은 해외 인허가 및... ",3주 전
"대한항공·아시아나항공 결합, EU 경쟁당국 최종 승인",https://www.lcnews.co.kr/news/articleView.html?idxno=89496, 28일 아시아나항공과의 기업결합을 위해 EU 경쟁당국이 제시한 조건부 승인의 선행 조건을 모두 충족시켜 심사가 종결됐다고 발표했다. EU 경쟁당국은 지난 2월 조건부 승인 결정을 내리면서 ▲유럽 4개 중복노선(파리·프랑크푸르트·바르셀로나·로마)에 대한 신규진입항공사의 안정적 운항 ▲아시아나항공... ,3주 전
"아시아나 소속 스타얼라이언스, 5년 연속 '최고 항공사 동맹체'",https://www.yna.co.kr/view/AKR20241126048200003?input=1195m," 아시아나항공이 속한 세계 최대 항공사 동맹체 스타얼라이언스가 24일(현지시간) 포르투갈 마데이라에서 열린 '2024 월드 트래블 어워즈'(WTA) 시상식에서 5년 연속 '세계 최고 항공사 동맹체'에 선정됐다. 26일 아시아나항공에 따르면 올해로 31회를 맞은 WTA는 여행, 관광, 숙박 산업의 연간 성과를 평가하는... ",2024.11.26.
대한항공-아시아나 기업결합 EU 최종 승인..내달 합병 마무리,http://kpenews.com/View.aspx?No=3462621, 한국정경신문 임윤희 기­자 yunis1004@naver.com [한국정경신문=임윤희 기자]대한항공과 아시아나항공 간 기업결합이 유럽연합(EU) 집행위원회의 최종... EU 경쟁 당국은 올해 2월 조건부 승인을 결정하며 유럽 4개 중복노선에 대한 신규 진입 항공사의 안정적 운항과 아시아나항공 화물기사업 매각을... ,3주 전
"[속보] EC, 대한항공-아시아나항공 기업결합 최종승인",https://view.asiae.co.kr/article/2024112818224775256,  ,4주 전
"아시아나항공, 12월 2주 동안 '김포-제주' 마일리지 항공편 56편 공급",https://www.businesspost.co.kr/BP?command=article_view&num=374205, 아시아나항공이 12월 2주 동안 마일리지 좌석을 유상좌석과 동일하게 판매하는 항공편을 운영한다. 아시아나항공은 27일 오전 9시부터 '제주 해피 마일리지 위크' 프로모션을 통해 12월2~15일 56편 대상 항공편에서 마일리지 좌석을 최대한 공급한다고 26일 밝혔다. 아시아나항공은 27일 오전 9시부터... ,2024.11.26.
"""대한항공, 아시아나항공과 기업결합 공급 유연성 확보 의미 커""<미래에...",https://www.news2day.co.kr/article/20241129500106," 2년여 간 아시아나항공 자회사 운영 후 통합 항공사 출범 예상 아웃바운드 장거리 노선 여객시장서 독보적인 입지 확보 기대 [뉴스투데이=전소영 기자] EU 경쟁당국이 대한항공과 아시아나항공의 기업결합 심사를 최종 승인한 가운데, 양사 통합은 제한적인 항공기 공급 환경 속 의미 있는 공급 유연성 확보에... ",3주 전
"[특징주] 대한항공·아시아나, '기업결합 최종승인'에 동반 약세",https://www.ziksir.com/news/articleView.html?idxno=75851, 인천국제공항 활주로와 주기장에 보이는 대한항공·아시아나항공 여객기 [연합뉴스] 유럽연합(EU) 집행위원회가 대한항공과 아시아나항공의 기업결합을 최종 승인한 가운데 29일 주가는 동반 약세다. 오전 10시32분 장중 대한항공은 전날보다 1.57% 내린 2만5050원에 거래되고 있다. 개장 직후 2.16% 오른... ,3주 전
"EC, 대한항공·아시아나 합병 최종 승인… 남은 건 美 DOJ",https://www.sisaweek.com/news/articleView.html?idxno=220209, 시사위크=제갈민 기자 유럽연합 경쟁당국(EC·유럽연합 집행위원회)은 현지시간 28일 대한항공과 아시아나항공의 결합을 위한 선결 요건이 모두 '충족... EC는 올해 2월 대한항공의 아시아나항공 인수에 대해 조건부 승인 결정을 내렸다. EC에서 내건 합병 선행 조건은 △유럽 4개 중복노선(파리... ,4주 전
"대한항공·아시아나 합병, 글로벌 항공업계 판도 변화 예고",http://www.m-i.kr/news/articleView.html?idxno=1184039, 28일 인천 영종도 인천국제공항 활주로와 주기장에 대한항공-아시아나항공 여객기가 보이고 있다. 사진=연합뉴스 제공 매일일보 = 최한결 기자 | 28일(현지시간) 대한항공과 아시아나항공의 기업결합이 유럽연합 집행위원회로부터 최종 승인을 받으면서 마무리 단계에 접어들었다. 이와 함께 글로벌... ,3주 전
"4년 우여곡절 대한항공-아시아나 합병 마무리…""EU 경쟁당국 최종 승인...",http://www.industrynews.co.kr/news/articleView.html?idxno=57518, 4년을 끌어온 대한항공과 아시아나항공의 기업결합 심사가 우여곡절 끝에 마무리됐다. 대한항공은 미국 경쟁당국에 향후 절차를 보고했고 아시아나항공을 자회사로 편입해 기업결합 절차를 연내 끝낸다는 계획이다. 대한항공은 EU 경쟁당국(EC)이 28일(현지시간) 대한항공과 아시아나항공의 결합을 위한... ,3주 전
[대한항공·아시아나 합병] ① 4년만에 절차 종료...세계 10위권 항공사...,https://www.newspim.com/news/view/20241128000332, 대한항공과 아시아나항공의 기업결합이 해외 14개 경쟁당국으로부터 승인을 받으면서 조원태 회장이 예고한 '메가 캐리어' 탄생이 현실화됐다. 다만... 대한항공과 아시아나항공의 기업결합 절차가 약 4년 만에 마무리됐다. 양사 합병으로 탄생하는 통합 대한항공은 '세계 10위권 규모'의 초대형 항공사로... ,4주 전
"법원, 아시아나 '화물사업 매각 중지' 가처분 각하",https://www.newsis.com/view/NISX20241122_0002969811, 아시아나항공조종사노동조합(이하 조종사노조)이 대한항공과 아시아나항공의 합병 과정에서 이뤄진 화물사업부 매각과 관련해 이사회 결의 효력을 정지해달라며 신청한 가처분을 법원이 받아들이지 않았다. 22일 법조계에 따르면 서울남부지법 민사합의51부(부장판사 김우현)는 이날 조종사노조가... ,2024.11.22.
"EU 경쟁당국, 대한항공-아시아나항공 결합 최종 승인",https://www.ngetnews.com/news/articleView.html?idxno=515501, 뉴스저널리즘 김문수 기자 = 대한항공이 아시아나항공과의 기업결합을 위해 유럽연합(EU) 경쟁당국이 제시한 조건부 승인의 선행 조건을 모두 달성했다. EU 경쟁당국은 28일(현지시간) 대한항공과 아시아나항공의 결합을 위한 선결 요건이 모두 충족돼 심사를 종결한다고 발표했다. EU 경쟁당국은 올해 2월... ,3주 전
[포토] 대한항공 아시아나 합병 4년만에 승인,https://view.asiae.co.kr/article/2024112909304801220, 대한항공과 아시아나항공의 기업결합 마지막 관문인 유럽연합 집행위원회(EC)의 최종 승인이 난 가운데 29일 인천 영종도 인천국제공항 활주로와 계류장에 대한항공-아시아나항공 여객기가 대기하고 있다. 지난 2020년부터 시작된 대한항공과 아시아나항공의 합병 작업이 4년 만에 마무리 단계에 들어섰다. ,3주 전
"합병 절차에 4년…""화학적 결합 더 중요""[대한항공 합병①]",https://www.newsis.com/view/NISX20241129_0002977792," 대한항공과 아시아나항공이 통합 작업에 속도를 내고 있다. 합병이 시작 4년 만에 사실상 최종 난관을 넘어서면서 사실상 마무리 수순에 돌입했다. 대한항공은 연내 아시아나항공 주식을 인수해 아시아나항공을 자회사로 편입한다. 2년간 자회사로 운영한 뒤 합병하는 계획으로, 화학적 결합의 성과가 이... ",3주 전
"EU, 대한항공-아시아나 기업결합 최종승인…내달 합병 마무리",https://www.getnews.co.kr/news/articleView.html?idxno=703932, 대한항공과 아시아나항공의 기업결합 마지막 관문인 유럽연합 집행위원회(EC)의 최종 승인이 임박한 가운데 28일 인천 영종도 인천국제공항 활주로와 주기장에 대한항공-아시아나항공 여객기가 보이고 있다[연합뉴스] 대한항공과 아시아나항공 간 기업결합의 마지막 관문인 유럽연합(EU) 집행위원회의 최종... ,3주 전
"""마일리지 소진 기회""…아시아나, 내달 김포-제주 항공권 4500석 공급",https://www.news1.kr/industry/general-industry/5611341," 아시아나항공(020560)은 12월 2일부터 15일까지 2주간 김포~제주 노선 총 56편 4500석을 마일리지 항공권으로 공급한다고 26일 밝혔다. 해당... 아시아나항공 관계자는 ""OZ8909편과 OZ8944편은 평소 예약률이 높은 선호 시간대 항공편""이라며 "" 회원들의 마일리지 소진 기회를 확대하고자 이번... ",2024.11.26.
"EU, 대한항공·아시아나항공 합병 승인…통합 마무리 어떻게?",https://www.smartfn.co.kr/article/view/sfn202411290028, 스마트에프엔 김동하 기자 대한항공과 아시아나항공의 기업결합 절차가 28일(현지시간) 유럽연합(EU) 집행위원회(EC)의 최종 승인으로 마무리되면서 양사의 완전한 통합까지 남은 절차에 관심이 쏠린다. 대한항공은 아시아나항공과의 합병 절차를 완료하고 아시아나항공을 자회사로 편입할 계획이다. 이후... ,3주 전
대한항공-아시아나 합병 세계 10위권 항공사 탄생,http://www.smedaily.co.kr/news/articleView.html?idxno=311025," 대한항공-아시아나 합병. 사진/연합뉴스 대한항공과 아시아나항공의 기업결합에 대한 EU 경쟁당국의 심사가 최종 승인됐다. 4년에 걸친 양사의 결합심사가 마무리되고, 합병 작업에 속도를 낼 계획이다. 대한항공에 따르면 EU 경쟁당국(EC)은 28일 대한항공과 아시아나항공의 결합을 위한 선결 요건이 모두... ",3주 전
"[종목이슈] 대한항공-아시아나항공, EU 기업결합 최종승인 속 주가는 '뒷...",https://www.financialpost.co.kr/news/articleView.html?idxno=216658, 대한항공과 아시아나항공이 4년 만에 합병 절차의 최종 관문을 넘어섰다는 소식에도 주가는 약보합에 머물고 있다. 29일 코스피 시장에 따르면 대한항공은 이날 오전 12시 2분 2만5500원에 거래되며 0.2% 오르는데 그쳤다. 장 초반 2만3700원까지 떨어졌으나 약보합세를 보인 것이다. 같은 시간 아시아나항공도... ,3주 전
"대한항공, EU 경쟁당국 최종 승인…아시아나항공 기업결합 조건 충족",https://www.ezyeconomy.com/news/articleView.html?idxno=205011, 대한항공이 아시아나항공과의 기업결합을 위해 EU 경쟁당국이 제시한 조건부 승인의 선행 조건을 모두 충족시켰다. EU 경쟁당국(EC)은 28일(현지시간) 대한항공과 아시아나항공의 결합을 위한 선결 요건이 모두 '충족'돼 심사를 종결한다고 발표했다. EU 경쟁당국은 올해 2월 조건부 승인 결정을 내리면서... ,3주 전
3사 통합 LCC 출범땐 제주항공 제치고 업계 1위로[대한항공-아시아나 합...,http://www.fnnews.com/news/202411282047159111," 대한항공과 아시아나항공의 합병이 마무리돼 이들의 자회사인 저비용항공사(LCC) 통합에도 관심이 집중되고 있다. 대한항공 계열의 진에어와 아시아나항공 계열 에어부산, 에어서울 3사가 합병하면 단숨에 국내 1위 LCC 사업자로 등극하기 때문이다. 통합 LCC를 이끌 주체로는 진에어가 낙점됐지만... ",2면 1단
"EU, 대한항공-아시아나항공 합병 최종 승인",https://www.fetv.co.kr/news/article.html?no=181131, 유럽연합 집행위원회(EC)가 28일(현지시간) 대한항공과 아시아나항공의 합병을 최종 승인했다. 합병 승인 절차가 사실상 마무리됐다. 이로써 2020년 11월... 앞서 EU 경쟁 당국은 지난 2월 대한항공과 아시아나항공 기업결합에 대해 조건부 승인 결정을 내리바 있다. 합병 조건으로 ▲유럽 4개 노선(파리... ,3주 전
"아시아나항공, '마일리지 소진' 제주 항공권으로 푼다",http://theviewers.co.kr/View.aspx?No=3457668," 뷰어스 손기호 기­자 ghsohn@viewers.co.kr 아시아나항공이 12월 2주간 마일리지 좌석을 유상좌석과 동일하게 오픈하는 항공편을 운영한다. 대한항공과 합병을 앞두고 마일리지에 대한 소비자의 불만이 많았지만, 이를 해소하기 위한 방안을 내놓은 것이다.아시아나항공은 오는 27일 오전 9시부터 ‘제주... ",2024.11.26.
"[속보]대한항공-아시아나항공, EU 경쟁당국 최종 승인",https://www.newsis.com/view/NISX20241128_0002977053, 후속기사가 이어집니다 ,4주 전
"대한항공, EU경쟁당국 최종승인 받아... 아시아나와 기업결합 청신호",https://www.pointdaily.co.kr/news/articleView.html?idxno=226726, 대한항공 보잉787-9 항공기 대한항공이 아시아나항공과의 기업결합을 위해 EU 경쟁당국이 제시한 조건부 승인의 선행 조건을 모두 충족시켰다. EU 경쟁당국(European Commission·EC)은 현지시간 11월 28일(목) 대한항공과 아시아나항공의 결합을 위한 선결 요건이 모두 '충족'돼 심사를 종결한다고... ,3주 전
"아시아나 기내화재 진압 승무원, 유니세프한국위에 포상금 기부",https://www.yna.co.kr/view/AKR20241122042300003?input=1195m," 아시아나항공은 캐빈(객실) 승무원 8명이 기내 화재를 조기 진압해 받은 사내 포상금 100만원을 유니세프한국위원회에 기부했다고 22일 밝혔다. 이들... 오찬희 선임사무장은 ""8명의 승무원이 모두 뜻을 모아 오랜 기간 아시아나 고객이 '기내 동전 모으기' 캠페인으로 기부에 참여해 온 유니세프에 포상금을... ",2024.11.22.
"EU, 대한항공-아시아나 기업결합 최종승인…""다음달 합병 마무리""",http://www.issuenbiz.com/news/articleView.html?idxno=52077, 대한항공과 아시아나항공 항공기/사진=연합뉴스 대한항공과 아시아나항공의 합병이 유럽연합(EU)으로부터 28일(현지시간) 최종 승인됐다. 이로써 2020년 11월 시작된 두 기업의 기업결합 절차가 다음 달 대한항공의 아시아나항공 신주 인수가 끝나면 마무리될 전망이다. EU 집행위원회는 이날 오후 보도자료를... ,3주 전
"대한항공·아시아나 합병, 유럽 최종 승인···4년 기다림 끝",https://www.sisajournal-e.com/news/articleView.html?idxno=407623, 유럽연합(EU)이 대한항공과 아시아나항공 기업결합 심사를 종결했다. 이로써 지난 2020년부터 시작된 양사 합병이 사실상 마무리됐다. 대한항공이 내달 신주 인수까지 마치면 양사는 4년여간의 기다림을 끝내고 최종 합병하게 된다. 28일(현지시각) EU경쟁당국(이하 EC)은 대한항공과 아시아나 결합을 위한... ,4주 전
"아시아나 '화물' 매각 가처분 각하…""결합 마무리에 최선""",https://www.newsis.com/view/NISX20241122_0002969796, 아시아나항공 노동조합이 법원에 화물 사업부 매각을 멈춰달라는 임시 조치를 신청했지만 받아들여지지 않았다. 22일 업계에 따르면 서울남부지법 민사합의51부는(수석부장판사 김우현)는 아시아나항공 조종사노조가 아시아나항공을 상대로 낸 화물 사업 매각에 대한 이사회 결의 효력 정지 가처분 신청을... ,2024.11.22.
"아시아나, 올겨울엔 ‘무료 외투 보관’ 서비스 안한다",https://www.chosun.com/economy/industry-company/2024/11/24/XLMWYUWKMVFCDPMNGFZC6O3KLU/?utm_source=naver&utm_medium=referral&utm_campaign=naver-news," 아시아나항공이 동남아 같은 따뜻한 나라로 떠나는 승객에게 제공해온 ‘외투 보관 서비스’를 이번 겨울에는 운영하지 않기로 했다. 그동안엔 12월... 아시아나항공은 24일 “기존에는 공항 내 상업 시설을 임차해 외투를 보관해왔지만, 올해는 공간을 확보하지 못했다”며 “추후에 공간을 확보하면... ",2024.11.24.
"아시아나항공 ""김포-제주 노선 마일리지로 구매 가능""",http://www.finomy.com/news/articleView.html?idxno=219177, 아시아나항공이 내달 2주 동안 마일리지 좌석을 유상좌석과 동일하게 오픈하는 항공편을 운영한다. 아시아나항공은 이달 27일 오전 9시부터 제주 해피 마일리지 위크 프로모션을 통해 내달 2~15일 56편 대상 항공편에서 마일리지 좌석을 공급한다고 26일 밝혔다. 매일 김포-제주 2편과 제주-김포 2편으로... ,2024.11.26.
"아시아나항공, 제주 노선 마일리지 좌석 특별 운영",https://www.wikitree.co.kr/articles/1003920, 아시아나항공이 12월 초 제주 노선을 대상으로 마일리지 좌석을 유상좌석과 동일하게 제공하는 특별 항공편을 운영한다.아시아나항공은 ‘제주 해피 마일리지 위크’ 프로모션을 통해 오는 12월 2일부터 15일까지 총 56편의 항공편에서 마일리지 좌석을 최대한 공급한다고 전날 밝혔다. 프로모션 대상은... ,4주 전
'최종 관문' 유럽 넘었다…대한항공-아시아나 합병 '마침표',https://www.newsworks.co.kr/news/articleView.html?idxno=774692, 대한항공과 아시아나항공 합병의 마지막 관문인 유럽연합 집행위원회(EC)의 최종 승인이 완료되며 세계 10위권의 '메가 캐리어(초대형 항공사)'가 탄생하게 됐다. 28일 대한항공에 따르면 EC는 이날 대한항공과 아시아나항공의 결합을 위한 선결 요건이 모두 '충족'돼 심사를 종결한다고 발표했다. 2020년... ,3주 전
"유럽연합, 대한항공-아시아나 합병 승인···'세계 10위 항공사' 탄생",http://www.seoulfn.com/news/articleView.html?idxno=540277," 대한항공과 아시아나항공 간 결합을 위한 선결 요건이 모두 충족돼 심사를 종결한다고 발표했다. 이로써 세계 10위 항공사가 탄생하게 됐다. EU 경쟁당국은 올해 2월 조건부 승인 결정을 내리면서 △유럽 4개 중복 노선(파리, 프랑크푸르트, 바르셀로나, 로마)에 대한 신규진입항공사 안정적 운항 △아시아나항... ",4주 전
"EU, 대한항공-아시아나 합병 승인",https://www.newspim.com/news/view/20241129000751, 29일 오후 서울 강서구 김포국제공항에서 대한항공-아시아나항공 항공편들이 이착륙을 하고 있다. 28일 유럽연합 집행위원회에 대한항공-아시아나항공 합병을 최종 승인을 받은 대한항공 측은 마지막 남은 기업결합 심사국인 미국 법무부에 승인 내용을 보고하고 올해 안으로 합병 절차를... ,3주 전
"아시아나항공, 12월 15일까지 마일리지 좌석 공급",https://www.lcnews.co.kr/news/articleView.html?idxno=89275, A321NEO 항공기 [사진=아시아나항공 제공] 라이센스뉴스 = 김진우 기자 | ﻿아시아나항공은 오는 27일 오전 9시부터 '제주 해피 마일리지 위크' 프로모션을 통해 12월 2~15일 총 56편 대상 항공편에서 마일리지 좌석을 최대 공급한다고 밝혔다. 마일리지 좌석 항공편은 각각 오전 7시10분과 오후 14시 50분... ,2024.11.26.
대한항공-아시아나 합병 EU 최종 승인.. '메가캐리어' 비상,https://www.straightnews.co.kr/news/articleView.html?idxno=258509, 대한항공과 아시아나항공의 여객기. 연합뉴스 대한항공이 아시아나항공과의 합병 절차 마지막 관문을 통과했다. 다음달 합병을 마무리하고 '메가 캐리어' 도약 준비에 본격적으로 나설 전망이다. EU(유럽연합) 집행위원회는 28일(현지시간) 대한항공과 아시아나항공의 기업결합을 위한 선결 요건이 모두... ,3주 전
"대한항공, 아시아나 합병 후 어떻께 운영될까?",https://www.fetv.co.kr/news/article.html?no=181041, 대한항공과 아시아나항공 기업결합 심사 최종 승인이 임박했다. EC의 최종 승인만 받으면 미국 법무부(DOJ)도 양사 합병에 독과점 소송을 제기하지 않으면서 대한항공의 아시아나항공 인수 절차는 최종 단계에 접어들 게 된다. 28일 항공 업계에 따르면 EC와 DOJ의 승인 이후 대한항공은 유상증자대금 잔금... ,4주 전
"EU, 대한항공-아시아나항공 합병 승인···엇갈린 주가",http://www.koreastocknews.com/news/articleView.html?idxno=105902," 대한항공과 아시아나항공이 유럽연합(EU) 집행위원회의 최종 승인으로 기업결합의 마지막 관문을 넘었으나 양사의 주가는 엇갈린 모양새다. 29일... 반면 아시아나항공(020560, 대표 원유석)은 오히려 2.27% 내린 1만740원으로 하락 마감했다. 개장 시작과 함께 4.91%까지 상승 폭을 키우다 반락한 뒤 하락으로... ",3주 전
"아시아나항공, 로마공항서 승객 무단 방치 논란",http://www.globalepic.co.kr/view.php?ud=20241129131447371248439a4874_29, 아시아나항공이 유럽 합병 승인 직후 로마 피우미치노 레오나르도 다 빈치 공항에서 승객들을 적절한 안내나 보상 없이 방치해 논란이 일고 있다. 28일(현지시간) 로마발 인천행 아시아나항공 편이 11시간 35분 지연되면서 수백 명의 승객들이 큰 불편을 겪었다. 당초 오후 8시 30분 출발 예정이었던 항공편은... ,3주 전
[데스크 칼럼] 대한항공-아시아나 거래종결 'D-20'...세계 7위 항공사 날...,http://www.thevaluenews.co.kr/news/view.php?idx=187023," 대한항공은 4년만에 아시아나항공과의 극적 통합을 이뤄냈다. 지난 28일 유럽연합 집행위원회(EC)의 최종 승인으로 1473일간의 긴 여정이 마침내... 지금의 상황이었다면, 고 조중훈 창업주도 아시아나항공 인수를 결정했을까? 아마도 그랬을 것이다. 글로벌 시대에 국적 항공사의 경쟁력 강화는 새로운... ",3주 전
아시아나항공 올 겨울 ‘외투 보관 서비스’ 안 한다,https://www.khan.co.kr/article/202411241014001, 아시아나항공이 겨울철에 따뜻한 나라로 여행을 떠나는 승객을 위한 ‘외투 보관 서비스’를 올해 겨울에는 제공하지 않기로 했다. 24일 항공업계에 따르면 아시아나항공은 인천국제공항에서 12월부터 이듬해 2월 말쯤까지 실시하던 외투 보관 서비스를 올해는 시행하지 않는다. 공항 터미널 등에서 외투를 둘... ,2024.11.24.
대한항공-아시아나 합병 마무리 단계… 주가 '고공행진',http://www.jnilbo.com/75522351513, 대한항공과 아시아나항공의 합병이 마무리 수순에 돌입하면서 관련주들도 고공행진을 이어가고 있다. 27일 한국거래소에 따르면 대한항공 주가는 최근 2주간(13~26일) 8.84% 상승했다. 지난 26일에는 2만5450원까지 오르며 52주 신고가를 새로 썼다. 같은 기간 아시아나항공도 15.81% 상승했다. 아시아나항공의... ,4주 전
"대한항공 아시아나항공 합병 세계 10위권 '메가캐리어' 곧 탄생, 독과점...",https://www.businesspost.co.kr/BP?command=article_view&num=374636, 대한항공과 아시아나항공의 합병으로 국내 첫 메가 캐리어 탄생이 예고된 가운데 글로벌 경쟁력 강화에 관한 기대와 함께 독과점 폐해 우려도 함께... 28일 국제항공운송협회(IATA)에 따르면 2019년 국제 유상수송량(RPK) 기준 대한항공과 아시아나의 합산 RPK는 세계 11위다. IATA는 2020년 코로나19 팬데믹... ,3주 전
대한항공-아시아나 합병 '마지막 관문' 통과 …EU 경쟁당국 최종 승인,http://www.newswatch.kr/news/articleView.html?idxno=69647, 사진=대한항공 대한항공이 아시아나항공과의 기업결합을 위해 EU 경쟁당국이 제시한 조건부 승인의 선행 조건을 모두 충족시켰다. EU 경쟁당국(European Commission·EC)은 현지시간 28일 대한항공과 아시아나항공의 결합을 위한 선결 요건이 모두 충족돼 심사를 종결한다고 발표했다. EU 경쟁당국은 지난... ,3주 전
"[속보] EC, 대한항공-아시아나항공 기업결합 최종승인",http://mbn.mk.co.kr/pages/news/newsView.php?category=mbn00009&news_seq_no=5075999," EC, 대한항공-아시아나항공 기업결합 최종승인 ",4주 전
"대한항공·아시아나 합병, EU 승인…연내 '메가 캐리어' 탄생",http://theviewers.co.kr/View.aspx?No=3462467," 뷰어스 백진엽 기­자 jinebito@theviewers.co.kr 대한항공과 아시아나항공의 합병이 유럽연합의 심사를 통과, 사실상 마무리됐다.28일(현지시간) 유럽연합 집행위원회(EC)는 대한항공과 아시아나항공의 결합을 최종 승인했다. EC는 두 항공사의 기업결합을 위한 선결 요건이 모두 총족돼 심사를 종결한다고... ",3주 전
"아시아나항공, 12월 2주간 잔여석 마일리지 판매",http://www.newscape.co.kr/news/articleView.html?idxno=107681," (사진=아시아나항공) 아시아나항공은 27일 오전 9시부터 '제주 해피 마일리지 위크' 프로모션을 통해 오는 12월 2~15일까지 총 56편 대상 잔여석을 모두 마일리지로 판매한다고 26일 밝혔다. 프로모션 기간 매일 김포→제주 2편, 제주→김포 2편으로 하루 4편씩 총 56편 항공편이 대상이다. 항공편은... ",2024.11.26.
"“이번엔 쓸 수 있나”…대한항공·아시아나, ‘마일리지 항공편’ 띄운...",http://www.segye.com/newsView/20241126515098?OutUrl=naver, 연합뉴스 대한항공과 아시아나항공이 마일리지로 이용할 수 있는 ‘마일리지 항공편’을 김포~제주 노선에서 운영한다. 그러나 기한 안에 소진하려는 마일리지 이용 수요가 폭증하면서 소비자들 사이에서는 여전히 마일리지 사용이 어렵다는 불만이 나온다. 26일 아시아나항공은 27일 오전 9시부터 ‘제주... ,2024.11.26.
"대한항공-아시아나 합병, 연내 가시화",https://www.newspim.com/news/view/20241129000749, 29일 오후 서울 강서구 김포국제공항에서 대한항공-아시아나항공 항공편들이 이착륙을 하고 있다. 28일 유럽연합 집행위원회에 대한항공-아시아나항공 합병을 최종 승인을 받은 대한항공 측은 마지막 남은 기업결합 심사국인 미국 법무부에 승인 내용을 보고하고 올해 안으로 합병 절차를... ,3주 전
"대한항공, 아시아나 합병 최종승인 앞두고 3%대 강세[핫종목]",https://www.news1.kr/finance/general-stock/5611333, 아시아나항공(020560)와 합병을 앞둔 대한항공(003490)이 장 초반 강세다. 26일 오전 9시38분 기준 대한항공은 전일 대비 800원(3.31%) 오른 2만 5000원에 거래되고 있다. 장중 2만 5150원까지 올랐다. 2023년 8월14일(2만 5300원) 이후 약 1년3개월만의 최고 수준이다. 이는 이번주 대한항공과 아시아나항공의... ,2024.11.26.
"[Invest]EU 경쟁당국, 대한항공-아시아나 기업결합 최종 승인",https://www.investchosun.com/site/data/html_dir/2024/11/28/2024112880201.html, 유럽연합(EU) 경쟁 당국인 EU 집행위원회(EC)가 대한항공과 아시아나항공 기업 결합을 28일(현지시간) 최종 승인했다. EC는 이날 대한항공과 아시아나항공 결합을 위한 선결 요건이 모두 충족돼 심사를 종결한다고 발표했다. 앞서 EC는 합병 조건으로 ▲아시아나항공 화물기 사업부문 분리 매각... ,4주 전
양사 '마일리지 통합' 과제…독과점 우려도[대한항공 합병②],https://www.newsis.com/view/NISX20241129_0002977926, 두 대형항공사(FSC) 대한항공과 아시아나항공의 합병이 사실상 마지막 관문을 넘은 가운데 향후 마일리지 통합과 독과점 우려를 불식해야 한다는 과제가 남았다. 유럽연합 집행위원회(EC)가 28일 대한항공과 아시아나항공의 기업결합을 위한 선결 요건이 모두 충족됐다고 심사하며 최종 승인을 내렸다.... ,3주 전
"아시아나 승객, 올 겨울 동남아 여행 때 패딩 못 맡긴다",https://www.sedaily.com/NewsView/2DGYX7S9DB, 아시아나항공이 동남아 등 따뜻한 나라로 여행을 떠나는 승객에게 제공해 온 ‘외투 보관 서비스’를 올해 겨울철에는 운영하지 않기로 했다. 24일 항공업계에 따르면 아시아나항공은 인천국제공항에서 동계 기간인 다음 달부터 내년 2월 말까지 계획했던 외투 보관 서비스를 시행하지 않기로 잠정... ,2024.11.24.
"대한항공-아시아나 합병, 4년만에 마지막 관문 통과...세계 10위권 항공...",http://www.queen.co.kr/news/articleView.html?idxno=423340, 대한항공과 아시아나항공의 기업결합 심사가 4년의 긴 여정 끝에 마지막 관문을 통과했다. 40여년간 이어진 양강 구도가 막을 내리고 세계 10위권의 항공사가 출범한다. 대한항공은 28일 유럽연합 집행위원회(EC)가 대한항공과 아시아나항공의 기업결합을 위한 선결 요건이 모두 충족됐다고 판단해... ,4주 전
"유럽연합, 대한항공·아시아나 합병 승인",http://digitalchosun.dizzo.com/site/data/html_dir/2024/11/29/2024112980216.html, 성열휘 기자 | 대한항공이 아시아나항공과의 기업결합을 위해 EU 경쟁당국이 제시한 조건부 승인의 선행 조건을 모두 충족시켰다. EU 경쟁당국(European Commission·EC)은 지난 28일(현지 시간) 대한항공과 아시아나항공의 결합을 위한 선결 요건이 모두 충족돼 심사를 종결한다고 발표했다. EU 경쟁당국은... ,3주 전
"대한항공-아시아나 합병 마무리 수순…EU, 기업결합 최종 승인",https://www.goodkyung.com/news/articleView.html?idxno=252330, 대한항공과 아시아나항공의 기업결합이 4년 만에 마무리 국면에 진입했다. 대한항공과 아시아나항공 간 기업결합의 마지막 관문인 유럽연합(EU) 집행위원회의 최종 승인이 완료되면서다. 이에 따라 2020년 11월 시작된 두 기업의 기업결합 절차가 다음 달 대한항공의 아시아나항공 신주 인수가 끝나면... ,3주 전
"대한항공, 아시아나항공 기업결합 'EU 관문 넘었다'",https://www.newstree.kr/newsView/ntr202411280014, 대한항공이 아시아나항공과의 기업결합을 위해 유럽연합(EU) 경쟁당국이 제시한 조건부 승인의 선행 조건을 모두 충족시켰다고 28일 밝혔다. EU 경쟁당국(European Commission·EC)은 28일(현지시간) 대한항공과 아시아나항공의 결합을 위한 선결요건이 모두 '충족'돼 심사를 종결한다고 발표했다. EU... ,4주 전
"대한항공-아시아나, 'EC 합병 최종 승인' 통과…마지막 문턱 '美 법무부...",https://www.nbntv.co.kr/news/articleView.html?idxno=3028955, 대한항공은 아시아나항공 인수·합병 절차인 기업결합에서 최대 분수령으로 꼽혔던 EC가 제시한 조건부 승인 선행 조건을 모두 달성해 최종 심사 종결을 확정지었다고 28일 밝혔다. 앞서 EC 측은 지난 2월 조건부 승인 결정과 함께 '아시아나항공 화물사업부 매각' 등 독과점을 해소하기 위해 유럽 4개... ,3주 전
"아시아나, 체코 직항 띄운다…LCC도 내년 우즈베크 취항",http://www.yonhapnewstv.co.kr/MYH20241129006300641/?input=1825m," 국내 공항에서 체코를 잇는 노선은 아시아나항공에 주 3회가 새로 배분됐고, 인천~우즈베키스탄 노선은 제주항공과 티웨이항공에 각각 주 1회가 배분됐습니다. 지난해 말 단항 됐던 인천발 중국 계림 노선도 재개돼 제주항공과 진에어가 조만간 운항을 시작합니다. 박효정 기자 (bako@yna.co.kr) #아시아나... ",3주 전
대한항공과 아시아나 합병 임박,https://www.news1.kr/photos/6999598, 대한항공과 아시아나항공 합병을 심사중인 유럽연합 집행위원회(EC)가 여객 노선 이관 요건이 충족됐다고 결론을 내리며 아시아나 화물사업 매각 요건만 EC가 승인하면 양사 결합이 최종 문턱을 넘어서게 됐다. 업계는 EC 최종 승인이 내달께 나올 것으로 보고 있다. EC가 양 사 결합을 최종적으로... ,2024.11.22.
"[속보] EC, 대한항공-아시아나항공 기업결합 최종승인",https://www.hankyung.com/article/2024112820877," 유럽연합 집행위원회(EC), 대한항공-아시아나항공 기업결합 최종승인 ",4주 전
"EU 경쟁당국, 대한항공-아시아나 합병 승인",https://www.newspim.com/news/view/20241129000756, 29일 오후 서울 강서구 김포국제공항에서 대한항공-아시아나항공 항공편들이 이착륙을 하고 있다. 28일 유럽연합 집행위원회에 대한항공-아시아나항공 합병을 최종 승인을 받은 대한항공 측은 마지막 남은 기업결합 심사국인 미국 법무부에 승인 내용을 보고하고 올해 안으로 합병 절차를... ,3주 전
대한항공 아시아나 합병 초읽기,https://www.news1.kr/photos/6999583, 대한항공과 아시아나항공 합병을 심사중인 유럽연합 집행위원회(EC)가 여객 노선 이관 요건이 충족됐다고 결론을 내리며 아시아나 화물사업 매각 요건만 EC가 승인하면 양사 결합이 최종 문턱을 넘어서게 됐다. 업계는 EC 최종 승인이 내달께 나올 것으로 보고 있다. EC가 양 사 결합을 최종적으로... ,2024.11.22.
"아시아나 ""12월 김포∼제주 56편 잔여석 마일리지로 구매가능""",https://www.ikbc.co.kr/article/view/kbc202411270004, 아시아나항공이 27일 오전 9시부터 '제주 해피 마일리지 위크' 프로모션을 통해 12월 2∼15일 운항하는 총 56편 대상 항공편의 잔여석을 모두 마일리지로... 아시아나항공은 이들 좌석 공급을 통해 아시아나클럽 회원의 마일리지 소진 기회를 최대한 제공한다는 방침입니다. 아시아나항공은 마일리지로 각종... ,4주 전
"아시아나항공, 12월 제주노선 마일리지 항공권 공급",http://www.koreastocknews.com/news/articleView.html?idxno=105783, 아시아나항공(대표 원유석)이 12월 2주 동안 마일리지 좌석을 유상좌석과 동일하게 오픈하는 항공편을 운영한다. 아시아나항공은 27일 오전 9시부터 '제주 해피 마일리지 위크' 프로모션을 통해 12월 2일부터 15일까지 총 56편 대상 항공편에서 마일리지 좌석을 최대 공급한다. 매일 ▲김포→제주 2편... ,2024.11.26.
"[대한항공·아시아나 합병] ③ ""마일리지는 어떻게?""…1대 1 통합 가능할...",https://www.newspim.com/news/view/20241128000529," 대한항공과 아시아나의 기업결합이 해외 14개국으로부터 최종 승인을 받으면서 마일리지 개편안 마련에도 속도가 붙을 전망이다. 대한항공은 그동안 아시아나항공을 공식적으로 인수한 상황이 아니기 때문에 아시아나항공의 마일리지 적립 규모, 사용 실적, 제휴사 거래 규모, 거래 단가 등에 대한 정확한... ",4주 전
"EU 경쟁당국, 대한항공-아시아나항공 기업결합 최종승인",http://www.smarttimes.co.kr/news/articleView.html?idxno=26623, 대한항공이 아시아나항공과의 기업결합을 위해 유럽연합(EU) 경쟁당국이 제시한 조건부 승인의 선행 조건을 모두 충족시켰다. EU 경쟁당국(European Commission·EC)은 28일(현지시간) 대한항공과 아시아나항공의 결합을 위한 선결 요건이 모두 '충족'돼 심사를 종결한다고 발표했다. EU 경쟁당국은 올해 2월... ,3주 전
[항공잇슈] 대한항공·에어프레미아·아시아나항공,https://daily.hankooki.com/news/articleView.html?idxno=1151563," ◇아시아나항공, 마일리지 항공편 56편 열어 아시아나항공이 다음달 마일리지 좌석을 유상좌석과 동일하게 판매하는 항공편을 운영한다고 26일 밝혔다. 오는 27일 오전 9시부터 '제주 해피 마일리지 위크' 프로모션을 통해 판매한다. 12월2~15일 총 56편 대상 항공편이 대상이다. 매일 김포→제주 2편, 제주... ",2024.11.26.
"대한항공·아시아나, 제주 ‘마일리지 항공편’ 운영…소비자들 “쓰고...",https://www.donga.com/news/Economy/article/all/20241126/130503580/1, 대한항공과 아시아나항공이 마일리지로 이용할 수 있는 ‘마일리지 항공편’을 김포~제주 노선에서 운영한다. 마일리지 사용을 확대하기 위한 조치다. 26일 아시아나항공은 27일 오전 9시부터 ‘제주 해피 마일리지 위크’ 프로모션을 진행한다고 밝혔다. 다음달 2일부터 15일 까지 총 56편 대상 항공편에서... ,2024.11.26.
"EC, 대한항공-아시아나항공 '합병' 최종 승인…통합 LCC도 출범(종합)",https://news.dealsitetv.com/news/articleView.html?idxno=127604," 유럽연합(EU) 집행위원회(EC)가 대한항공과 아시아나항공의 기업결합을 최종 승인하면서 세계 10위권 '메가 캐리어' 탄생이 임박했다. 대한항공은 EC 승인 내용을 미국 경쟁당국에 보고한 것으로 알려졌다. 회사는 아시아나항공을 자회사로 편입, 연내 거래종결 절차를 마무리한다는 계획이다. 대한항공은 28일... ",3주 전
"[경제 핫 클립] 마일리지 특별기 좋은데, 아시아나 마일리지는요?",https://news.kbs.co.kr/news/pc/view/view.do?ncd=8116766&ref=A, 아시아나항공이 김포와 제주 노선 탑승권을 마일리지 좌석으로 공급합니다. 12월 2일부터 15일까지 항공기 56편의 잔여석을 팝니다. 대한항공도 김포 제주... 더 큰 산은 대한항공과 아시아나항공 합병입니다. 합병당하는 아시아나의 마일리지를 대체 어떻게 할 것인가. 뜨겁디뜨거운 감자입니다. [윤석열... ,4주 전
"아시아나항공, 마일리지 항공편 56편 푼다…""만족도 제고 노력""",https://sports.chosun.com/life/2024-11-26/202411260100171460027195," 아시아나항공은 오는 12월 2주 동안 마일리지 좌석을 유상좌석과 동일하게 오픈하는 항공편을 운영한다. 26일 아시아나항공에 따르면 '제주 해피 마일리지 위크' 프로모션을 통해 12월 2일부터 15일까지 총 56편 대상 항공편에서 마일리지 좌석을 최대 공급한다. 매일 김포-제주 2편, 제주-김포 2편으로... ",2024.11.26.
"[속보]EC, 대한항공·아시아나 기업결합 최종승인",http://www.edaily.co.kr/news/newspath.asp?newsid=04401766639090312," 유럽연합 집행위원회(EC), 28일(현지시간) 대한항공(003490)과 아시아나항공(020560) 기업결합 최종승인. ",4주 전
"대한항공-아시아나 합병, 이번주 결판날까",http://www.fnnews.com/news/202411241505592373," 4년간 이어져 온 대한항공과 아시아나항공의 기업결합 심사가 이르면 이번주 매듭지어질 것으로 전망된다. 합병의 키를 쥐고 있는 유럽연합 집행위원회(EC)가 승인 조건으로 내걸었던 유럽 4개 노선의 여객 이관 요건이 충족됐다고 판단하면서, 남은 과제는 아시아나항공의 화물사업 매각 요건만 남았다.... ",2024.11.24.
대한항공·아시아나 정시성 B등급…러-우 전쟁·인천공항 혼잡 때문,http://news.mt.co.kr/mtview.php?no=2024112517114419888," 국토교통부가 국적항공사 대상으로 올해 상반기 항공교통서비스를 평가한 결과 국제선 운항신뢰성 평가 항목 중 정시성에서 대한항공, 아시아나항공 등... 대한항공, 아시아나항공, 에어프레미아, 제주항공, 티웨이항공은 B등급을 이스타항공, 진에어는 C등급, 에어서울은 D등급을 기록했다. 한편 외항사는... ",2024.11.26.
"EU, 대한항공-아시아나항공 기업결합 승인…12월 내 최종 거래종결절차...",https://www.news2day.co.kr/article/20241128500264," ""EU 경쟁당국이 제시한 여객 및 화물부문 선결 조건 충족 완료"" 대한항공이 아시아나항공의 길고 길었던 기업결합이 코앞으로 다가왔다. EU 경쟁당국(European Commission·EC)은 28일 대한항공과 아시아나항공의 결합을 위한 선결 요건이 모두 ‘충족’돼 심사를 종결한다고 밝혔다. EU 경쟁당국은 올해 2월... ",4주 전
대한항공-아시아나 4년간 합병 여정 마침표…남은 과제는?,https://www.asiatime.co.kr/article/20241127500486, 대한항공과 아시아나항공의 합병을 위한 14개 경쟁당국의 심사가 완료되며 단일 대형 국적 항공사가 탄생하게 됐다. 글로벌 메가캐리어로서 경쟁력을... 인천국제공항 전망대에서 바라본 공항 계류장 (사진=연합뉴스) 28일 유럽연합 경쟁당국인 유럽집행위원회(EC)의 대한항공과 아시아나항공 기업결합 승인으로... ,4주 전
"올 겨울 동남아 갈 때 ‘외투 보관’ 어쩌나…아시아나, “공간부족” ...",https://www.munhwa.com/news/view.html?no=2024112501039910183002," 아시아나, ""공항터미널 장소 미확보, 업체와 제휴도 실패"" 대한항공은 기존대로 12월~2월 외투 보관 서비스 제공 항공업계 ""기업결합 앞두고 어수선한 내부상황 때문일 수도"" 아시아나항공이 겨울철에 따뜻한 나라로 여행을 떠나는 승객을 위해 제공해 온 ‘외투 보관 서비스’를 올해 겨울에는 이용하지... ",2024.11.25.
"겨울철 효자 ‘외투 보관 서비스’...아시아나항공, 올해는 안 한다",https://economist.co.kr/article/view/ecn202411240006, 아시아나항공이 올해 ‘외투 보관 서비스’를 멈춘다. 24일 항공업계에 따르면 아시아나항공은 인천국제공항에서 12월부터 내년 2월말 까지 진행하던 외투 보관 서비스를 올해 시행하지 않는다. 겨울철 외투 보관 서비스는 지난 1999년 아시아나항공이 국내 항공업계 최초로 도입했다. 해당 서비스는 승객 한... ,2024.11.24.
"[속보] EC, 대한항공-아시아나항공 기업결합 최종 승인",https://www.asiatime.co.kr/article/20241127500484, 유럽연합(EU)의 기업결합을 담당하는 유럽집행위원회(EC)가 28일(현지시간) 대한항공과 아시아나항공의 기업결합을 최종 승인했다. 인천국제공항에 대기중인 대한항공과 아시아나항공 여객기 모습 (사진=연합뉴스) 앞서 EC는 지난해 5월 중간 심사보고서를 통해 양사 기업결합으로 여객과 화물 부문에서... ,4주 전
"'만기 코앞' 항공사 마일리지…""쓰지 말라는 건가"" 소비자 분통",https://news.jtbc.co.kr/article/NB12225123?influxDiv=NAVER, 유럽 당국의 승인으로 대한항공과 아시아나항공 합병이 최종 관문을 넘었습니다. 그런데 소비자들 사이에선 벌써부터 그동안 쌓아둔 마일리지를 그대로 날리게 됐다는 불만이 터져나오고 있습니다. 김도훈 기자입니다. [기자] 아시아나항공 마일리지 9만7천점이 넘는 박모씨는 요즘 애가 탑니다. 올 연말까지... ,3주 전
메가캐리어 대한항공…4년 만에 이룬 조원태의 ‘큰 날개’[증시 핫피플...,http://www.edaily.co.kr/news/newspath.asp?newsid=01334966639090968, “대한항공(003490)·아시아나항공(020560) 통합 항공사를 우리 역량으로 정성껏 가꾸면 곧 글로벌 항공업계의 아름드리나무로 자랄 것이다.” 조원태 한진그룹 회장이 지난 3월 대한항공 창립 55주년을 맞아 사내 인트라넷에 게시한 기념사 중 일부다. 아시아나항공 인수 완료 이후 메가캐리어(초대형 항공사)... ,3주 전
비행기 또 출발지연…맨날 늦는 항공사 어디 [데이터클립],https://www.etoday.co.kr/news/view/2423145," 대한항공·아시아나항공·에어부산·에어로케이(A++)가 우수한 것으로 평가됐다. 에어서울(C+)·티웨이항공(B)은 전년(에어서울 C++,티웨이항공 B+)보다... 이밖에 에어서울은 37.4%, 제주항공 31.9%, 진에어 30.9%, 이스타항공 21.8%, 대한항공 21.1%, 아시아나항공 18.9%, 에어부산은 10.1%를 기록했다. ",2024.11.26.
"'아시아나 태운' 대한항공, 목표주가 향해 이륙 준비 끝? [뉴스톡 웰스톡...",http://www.newswell.co.kr/news/articleView.html?idxno=10600, 유럽연합이라는 아시아나항공 합병 승인 절차의 최대 고비를 넘긴 대한항공 주가가 29일 일제히 이륙했다. /사진=대한항공 아시아나항공 합병 승인 절차의 최대 고비를 넘긴 '대한항공' 주가가 일제히 상승했다. 29일 유가증권시장에서 대한항공(003490)과 대한항공 우선주(003495)는 전 거래일보다... ,3주 전
대한항공-아시아나 합병 최종관문 넘었다…EU 경쟁당국 최종 승인,https://www.foodneconomy.com/news/articleView.html?idxno=401658, 28일 인천 영종도 인천국제공항 활주로와 주기장에 대한항공-아시아나항공 여객기가 보이고 있다. [사진=연합] 대한항공과 아시아나항공 간 합병의 최종관문인 유럽연합(EU) 집행위원회의 최종 승인이 완료됐다. 28일 항공업계에 따르면 EU 집행위원회는 이날 두 항공사의 기업결합을 위한 선결 요건이 모두... ,3주 전
"아시아나 화물 매각 유효...법원, 노조 소송 각하",https://view.asiae.co.kr/article/2024112216153825180, ?대한항공과 아시아나항공의 기업결합 승인 조건인 아시아나항공 화물 사업 매각 결정이 부당했다며 효력 정지를 요구한 아시아나항공 조종사노조의 주장을 법원이 받아들이지 않았다. 22일 항공업계와 법조계에 따르면 서울남부지법 민사합의51부(김우현 수석부장판사)는 이날 조종사노조가 아시아나항공을... ,2024.11.22.
"아시아나항공, 로마공항 승객 방치 논란…합병 승인 후 신뢰 추락",https://www.foodneconomy.com/news/articleView.html?idxno=401740, 로마공항에 방치된 아시아나 항공 승객들. [사진=승객 제보] 아시아나항공이 유럽 합병 승인 직후 로마 피우미치노 레오나르도 다 빈치 공항에서 승객들을 적절한 안내나 보상 없이 방치해 논란이 일고 있다. 28일(현지시간) 로마발 인천행 아시아나항공 편이 11시간 35분 지연되면서 수백 명의 승객들이 큰... ,3주 전
"대한항공 목표주가, 아시아나 합병으로 잇딴 상향조정...글로벌 11위 항...",https://www.newsquest.co.kr/news/articleView.html?idxno=235276, 유럽연합 경쟁당국(European Commission)이 대한항공과 아시아나항공의 기업결합 심사에 대해 최종 승인을 내리면서 대한항공이 향후 안정적인 실적을... 증권업계에 따르면 지난 28일(현지시간) EC은 대한항공과 아시아나항공의 결합을 위한 선결 요건이 모두 '충족'됐기 때문에 심사를 종결한다고 발표했다.... ,3주 전
[마켓+]대한항공·아시아나 합병 최종관문 통과…글로벌 10위권 항공사 ...,https://www.businessplus.kr/news/articleView.html?idxno=75652, /사진=대한항공 유럽연합(EU) 경쟁 당국인 EU 집행위원회(EC)가 대한항공과 아시아나항공 기업 결합을 28일(현지시간) 최종 승인했다. 유럽연합의 승인으로 대한항공의 기업결합 심사는 사실상 종료됐다. 2020년 11월 대한항공이 아시아나항공 인수를 공시한 이후 4년여 만이다. 29일 업계 등에 따르면 EC는... ,3주 전
"""마일리지로 제주도 가세요""... 아시아나항공, 김포↔제주 마일리지 항...",http://www.tournews21.com/news/articleView.html?idxno=80334," ""아시아나항공 마일리지로 제주도 가세요!"" 아시아나항공이 오는 27일 오전 9시부터 '제주 해피 마일리지 위크' 프로모션을 통해 12월 2일~15일 약 2주간 총 56편 대상 항공편에서 마일리지 좌석을 최대 공급한다. 마일리지 좌석을 유상좌석과 동일하게 오픈하는 항공편은 매일 ▲김포→제주 2편 ▲제주... ",2024.11.26.
[대한항공-아시아나] '메가 캐리어' 탄생 초읽기...LCC·인력·노선 과제...,http://www.biztribune.co.kr/news/articleView.html?idxno=326059," 대한항공이 아시아나항공과의 기업결합을 위한 마지막 산을 넘었다. 28일(현지시간), EU 경쟁당국이 양사 결합을 위한 선결 요건이 모두 '충족'돼 심사를... 운항 ▲아시아나항공 화물기사업 매수자 승인 절차를 마무리하기 위한 선행 조건으로 내걸었다. 대한항공은 이를 해결하기 위해 여객 부문... ",3주 전
[그래픽] 대한항공-아시아나 기업결합심사 승인,https://www.yna.co.kr/view/GYH20241128002000044?input=1363m, 유럽연합(EU) 집행위원회는 28일(현지시간) 대한항공과 아시아나항공의 결합을 최종 승인했다. kmtoil@yna.co.kr 페이스북 tuney.kr/LeYN1 X(트위터) @yonhap_graphics ,4주 전
아시아나항공과 합병 승인 임박…대한항공 신고가[특징주],https://view.asiae.co.kr/article/2024112609270729714, 아시아나항공과의 합병 승인이 임박하면서 기대감이 주가에 반영되는 것으로 보인다. 대한항공은 26일 오전 9시19분 현재 전 거래일 대비 3.72%(900원) 오른 2만5100원에 거래 중이다. 지난 20일 기록한 1년 내 최고가(2만4800원)를 넘었다. 대한항공은 아시아나항공과의 합병을 눈앞에 두고 있다. 현재... ,2024.11.26.
"EU, 대한항공-아시아나 기업결합 최종승인... 내달 합병 마무리",https://www.ltn.kr/news/articleView.html?idxno=46070, 대한항공과 아시아나항공 간 기업결합의 사실상 마지막 관문인 유럽연합(EU) 집행위원회의 최종 승인이 28일(현지시간) 완료됐습니다. 이로써 2020년 11월 시작된 두 기업의 기업결합 절차가 다음 달 대한항공의 아시아나항공 신주 인수가 끝나면 마무리될 전망입니다. EU 집행위원회는 이날 오후 보도자료를 통해... ,3주 전
"[특징주] 대한항공, 아시아나와 '기업결합 최종승인' 하락",https://www.jeonmae.co.kr/news/articleView.html?idxno=1097075, 이는 대한항공과 아시아나항공이 유럽연합(EU) 집행위원회의 최종 승인으로 기업결합의 마지막 관문을 넘었으나 이날 대한항공 주가가 하락세를... 전날 EU 집행위원회는 대한항공이 아시아나항공 화물사업 부문 매각의 우선협상대상자로 선정한 에어인천을 '적합한 매수인'으로 승인했다고 밝혔다. 이로써... ,3주 전
"아시아나항공, 12월 제주행 '마일리지 항공편' 운영",http://www.smarttimes.co.kr/news/articleView.html?idxno=26498," 아시아나항공(대표 원유석)은 12월 2주간 마일리지 좌석을 유상좌석과 동일하게 오픈하는 항공편을 운영한다고 26일 밝혔다. 아시아나항공은 오는 27일부터 '제주 해피 마일리지 위크' 프로모션을 통해 총 56편 대상 항공편에서 마일리지 좌석을 공급한다. 매일 김포→제주 2편, 제주→김포 2편으로... ",2024.11.26.
"아시아나 품는 대한항공, 세계 10위권 거대 항공사 탄생",https://www.newspim.com/news/view/20241129000750, 29일 오후 서울 강서구 김포국제공항에서 대한항공-아시아나항공 항공편들이 이착륙을 하고 있다. 28일 유럽연합 집행위원회에 대한항공-아시아나항공 합병을 최종 승인을 받은 대한항공 측은 마지막 남은 기업결합 심사국인 미국 법무부에 승인 내용을 보고하고 올해 안으로 합병 절차를... ,3주 전
EU 여객요건 충족 '대한항공 아시아나 합병 임박',https://www.news1.kr/photos/6999601, 대한항공과 아시아나항공 합병을 심사중인 유럽연합 집행위원회(EC)가 여객 노선 이관 요건이 충족됐다고 결론을 내리며 아시아나 화물사업 매각 요건만 EC가 승인하면 양사 결합이 최종 문턱을 넘어서게 됐다. 업계는 EC 최종 승인이 내달께 나올 것으로 보고 있다. EC가 양 사 결합을 최종적으로... ,2024.11.22.
"글로벌 항공사 탄생 '초읽기'…EU, 대한항공-아시아나 기업결합 최종승...",https://www.youthdaily.co.kr/news/article.html?no=172342," 대한항공, 내달 20일 아시아나항공 신주 인수 후 최종 합병절차 마무리 지난 2020년 11월 시작된 대한항공과 아시아나항공의 기업결합이 유럽연합(EU) 집행위원회의 최종 승인을 받으며 마지막 단계에 들어섰다. 28일(현지시간) 항공업계에 따르면 EU 집행위원회는 대한항공과 아시아나항공의 기업결합을 위한... ",3주 전
"[관심종목] 대한항공 4.3%, 아시아나 3.5% 급등...EC, 최종 승인 임박",https://www.getnews.co.kr/news/articleView.html?idxno=703380, 아시아나항공도 3.5% 넘게 상승중이어서 합병 승인을 앞둔 호재가 반영된 것으로 풀이된다. EC의 대한항공-아시아나합병 최종 승인이 임박한 가운데 대한항공 주가가 1년 3개월만에 최고치를 기록중이다. 자료=NAVER 26일 대한항공은 소폭 하락 출발했으나 외국인과 기관의 동시 순매수에 힘입어 오후 1시... ,2024.11.26.
"""대한항공·아시아나 결합 승인 빠르면 오늘…지역항공사 에어부산 존속...",https://www.news1.kr/local/busan-gyeongnam/5614915," 유럽연합 집행위원회의 대한항공과 아시아나항공의 기업결합 심사가 이달 내로 끝날 것으로 알려진 가운데 부산 시민단체가 지역 항공사의 존치를 촉구하고 나섰다. 부산 시민단체 미래사회를 준비하는 시민공감은 28일 성명을 통해 ""부산시민은 부산 항공사 '에어부산'을 절대 인천공항에 내어줄 수 없다""고... ",4주 전
"메가 캐리어 탄생, 소비자에게 득실은?",https://biz.sbs.co.kr/article_hub/20000204329?division=NAVER, 대한항공과 아시아나항공의 합병으로 '메가 캐리어(초대형 항공사)'가 탄생하게 됐습니다. 국내 소비자에게는 어떤 변화가 생길까요? 윤지혜 기자가 보도합니다. [기자] 소비자들이 가장 민감한 것은 마일리지 통합입니다. 대한항공과 아시아나항공의 미사용 마일리지 규모는 약 3조 5천억 원에 달하는 것으로... ,3주 전
"대한항공·아시아나, 김포~제주 ‘마일리지 특별기’ 운항",https://biz.chosun.com/industry/company/2024/11/27/I3UBECFQ4NGGTMQURDQI4AY3AI/?utm_source=naver&utm_medium=original&utm_campaign=biz, 대한항공과 아시아나항공이 김포~제주 노선에 마일리지 특별기를 띄우기로 했다. ‘마일리지를 쓸 곳이 없다’는 소비자 불만이 나오자 내린 결정이다. 두 항공사가 마일리지로만 예약할 수 있는 특별기를 띄우는 건 이번이 처음이다. 27일 항공업계에 따르면 아시아나항공은 ‘제주 해피 마일리지 위크’... ,4주 전
"에어인천, 아시아나항공 화물사업부 인수자 확정",https://www.widedaily.com/news/articleView.html?idxno=252571, 에어인천은 유럽연합 집행위원회(EC)가 대한항공과 아시아나항공의 기업 결합을 최종 승인함에 따라 자사의 아시아나항공 화물사업부 인수가 공식화됐다고 29일 밝혔다. 회사는 내년 7월1일 통합운항을 목표로 해외 인허가 및 관련 투자 등 마무리 작업에 박차를 가하고 있다. 이번 인수·통합으로 에어인천은... ,3주 전
"EU, 대한항공-아시아나 기업결합 최종승인…12월 합병 마무리",https://news.bbsi.co.kr/news/articleView.html?idxno=4009433, 대한항공과 아시아나항공 간 기업결합의 마지막 관문인 유럽연합(EU) 집행위원회의 최종 승인이 오늘 완료됐습니다. 이로써 지난 2020년 11월 시작된 두 기업의 기업결합 절차가 다음 달 대한항공의 아시아나항공 신주 인수가 끝나면 마무리될 전망입니다. 항공업계에 따르면 EU 집행위원회는 오늘 두... ,3주 전
"[특징주]대한항공, 아시아나 합병 임박에 ‘신고가’",http://www.edaily.co.kr/news/newspath.asp?newsid=02105766639089656, 대한항공과 아시아나항공의 기업결합 심사가 이르면 이번 주 마무리된다는 전망이 투심을 자극한 것으로 보인다. 26일 엠피닥터에 따르면 오전 9시... 업계에 따르면 유럽연합 집행위원회(EC)는 이달 내로 대한항공-아시아나항공 기업결합 심사를 종결할 예정으로 알려졌다. 미국 법무부(DOJ)에서 합병... ,2024.11.26.
[AT 타임라인] 대한항공-아시아나 최종 합병 4년간의 여정,https://www.asiatime.co.kr/article/20241128500081, 대한항공-아시아나항공 인수합병 타임라인 (자료=아시아타임즈) 유럽연합(EU)의 기업결합을 담당하는 유럽집행위원회(EC)가 28일(현지시간) 대한항공과 아시아나항공의 기업결합을 최종 승인했다. /김미나 기자 ,4주 전
"대한항공-아시아나, 기업결합 4년 마침표… '메가캐리어' 뜬다",https://it.chosun.com/news/articleView.html?idxno=2023092128524, 대한항공과 아시아나항공 기업결합 심사에 대해 최종 승인 결정을 내렸다. 이로써 2021년부터 시작한 기업결합 과정이 4년 만에 사실상 마지막 관문을 넘어섰다. 양사의 기업결합으로 항공기 226대를 운용하는 '메가 캐리어'(초대형 항공사)가 탄생하게 됐다. EC는 28일(현지시간) 대한항공과 아시아나항... ,3주 전
'메가캐리어' 탄생…대한항공이 받아든 계산서 [취재현장],https://www.wowtv.co.kr/NewsCenter/News/Read?articleId=A202411290073&t=NNv," 대한항공이 아시아나항공 인수를 위한 마지막 관문을 넘었습니다. 양사의 기업결합에 대한 유럽연합(EU) 집행위원회의 최종 승인이 떨어진 건데요.... 2019년 국제 여객 RPK 기준으로 대한항공은 전세계 18위, 아시아나항공은 32위를 차지했습니다. RPK는 항공편 당 유상 승객 수에 비행 거리를 곱한 것으로, 쉽게... ",3주 전
합병 임박한 대한항공과 아시아나 '남은 건 화물뿐',https://www.news1.kr/photos/6999604, 대한항공과 아시아나항공 합병을 심사중인 유럽연합 집행위원회(EC)가 여객 노선 이관 요건이 충족됐다고 결론을 내리며 아시아나 화물사업 매각 요건만 EC가 승인하면 양사 결합이 최종 문턱을 넘어서게 됐다. 업계는 EC 최종 승인이 내달께 나올 것으로 보고 있다. EC가 양 사 결합을 최종적으로... ,2024.11.22.
"아시아나항공, 제주 마일리지 항공권 푼다",https://biz.heraldcorp.com/article/10004386?ref=naver, 56편 대상 마일리지 항공권 공급 아시아나항공이 내달 2일부터 2주 동안 제주행 마일리지 좌석을 유상좌석과 동일하게 운영한다고 26일 밝혔다. 아시아나항공에 따르면 이달 27일 오전 9시부터 ‘제주 해피 마일리지 위크’ 프로모션을 통해 12월 2일부터 15일까지 총 56편 대상 항공편에서 마일리지... ,8면 1단
"아시아나 소속된 스타얼라이언스, 5년 연속 ‘최고 항공사 동맹체’",https://www.munhwa.com/news/view.html?no=2024112601039907024001, LA 공항 스타얼라이언스 라운지도 5년 연속 북미 최고 공항 라운지 선정 아시아나항공이 속한 세계 최대 항공사 동맹체 스타얼라이언스가 24일(현지시간) 포르투갈 마데이라에서 열린 ‘2024 월드 트래블 어워즈’(WTA) 시상식에서 5년 연속 ‘세계 최고 항공사 동맹체’에 선정됐다. 26일 아시아나항공에... ,2024.11.26.
대한항공·아시아나 합병 눈앞…항공株 들썩,https://www.hankyung.com/article/2024112788261," 대한항공의 아시아나항공 인수를 앞두고 항공주가 고공 행진하고 있다. 시장 재편 기대가 주가를 끌어올리고 있다는 분석이 나온다. 27일 한국거래소에 따르면 대한항공과 아시아나항공은 지난 한 달간 각각 8.36%, 13.72% 올랐다. 저비용항공사(LCC)인 진에어와 에어부산 역시 같은 기간 12.64%, 5.34... ",A21면 1단
